[2025-11-29T11:14:20+08:00][sql] CONNECT:[ UseTime:0.002248s ] mysql:host=127.0.0.1;port=3306;dbname=providence;charset=utf8mb4
[2025-11-29T11:14:20+08:00][sql] SHOW FULL COLUMNS FROM `pd_user` [ RunTime:0.029118s ]
[2025-11-29T11:14:20+08:00][sql] SELECT * FROM `pd_user` WHERE  `username` = 'G138688' LIMIT 1 [ RunTime:0.003094s ]
[2025-11-29T11:14:27+08:00][sql] CONNECT:[ UseTime:0.003782s ] mysql:host=127.0.0.1;port=3306;dbname=providence;charset=utf8mb4
[2025-11-29T11:14:27+08:00][sql] SHOW FULL COLUMNS FROM `pd_user` [ RunTime:0.017869s ]
[2025-11-29T11:14:27+08:00][sql] SELECT * FROM `pd_user` WHERE  `username` = 'G138688' LIMIT 1 [ RunTime:0.003756s ]
[2025-11-29T11:15:24+08:00][sql] CONNECT:[ UseTime:0.002024s ] mysql:host=127.0.0.1;port=3306;dbname=providence;charset=utf8mb4
[2025-11-29T11:15:24+08:00][sql] SHOW FULL COLUMNS FROM `pd_user` [ RunTime:0.008569s ]
[2025-11-29T11:15:24+08:00][sql] SELECT * FROM `pd_user` WHERE  `username` = 'G138688' LIMIT 1 [ RunTime:0.001515s ]
[2025-11-29T11:15:45+08:00][sql] CONNECT:[ UseTime:0.001454s ] mysql:host=127.0.0.1;port=3306;dbname=providence;charset=utf8mb4
[2025-11-29T11:15:45+08:00][sql] SHOW FULL COLUMNS FROM `pd_user` [ RunTime:0.020660s ]
[2025-11-29T11:15:45+08:00][sql] SELECT * FROM `pd_user` WHERE  `username` = 'G138688' LIMIT 1 [ RunTime:0.001903s ]
[2025-11-29T11:15:45+08:00][sql] UPDATE `pd_user`  SET `last_login_time` = '2025-11-29 11:15:45' , `update_time` = '2025-11-29 11:15:45.395059'  WHERE  `id` = 1 [ RunTime:0.002739s ]
[2025-11-29T11:15:57+08:00][sql] CONNECT:[ UseTime:0.002053s ] mysql:host=127.0.0.1;port=3306;dbname=providence;charset=utf8mb4
[2025-11-29T11:16:38+08:00][sql] CONNECT:[ UseTime:0.005115s ] mysql:host=127.0.0.1;port=3306;dbname=providence;charset=utf8mb4
[2025-11-29T11:17:37+08:00][sql] CONNECT:[ UseTime:0.001866s ] mysql:host=127.0.0.1;port=3306;dbname=providence;charset=utf8mb4
[2025-11-29T11:18:07+08:00][sql] CONNECT:[ UseTime:0.010951s ] mysql:host=127.0.0.1;port=3306;dbname=providence;charset=utf8mb4
[2025-11-29T11:34:58+08:00][sql] CONNECT:[ UseTime:0.002141s ] mysql:host=127.0.0.1;port=3306;dbname=providence;charset=utf8mb4
[2025-11-29T11:34:58+08:00][sql] SHOW FULL COLUMNS FROM `pd_user` [ RunTime:0.011542s ]
[2025-11-29T11:34:58+08:00][sql] SELECT * FROM `pd_user` WHERE  `username` = '13999999991' LIMIT 1 [ RunTime:0.001460s ]
[2025-11-29T11:35:05+08:00][sql] CONNECT:[ UseTime:0.001259s ] mysql:host=127.0.0.1;port=3306;dbname=providence;charset=utf8mb4
[2025-11-29T11:35:05+08:00][sql] SHOW FULL COLUMNS FROM `pd_user` [ RunTime:0.003793s ]
[2025-11-29T11:35:05+08:00][sql] SELECT * FROM `pd_user` WHERE  `username` = 'G138688' LIMIT 1 [ RunTime:0.001312s ]
[2025-11-29T11:35:05+08:00][sql] UPDATE `pd_user`  SET `last_login_time` = '2025-11-29 11:35:05' , `update_time` = '2025-11-29 11:35:05.764176'  WHERE  `id` = 1 [ RunTime:0.001534s ]
[2025-11-29T11:35:09+08:00][sql] CONNECT:[ UseTime:0.000781s ] mysql:host=127.0.0.1;port=3306;dbname=providence;charset=utf8mb4
[2025-11-29T11:35:09+08:00][sql] SHOW FULL COLUMNS FROM `pd_user` [ RunTime:0.003205s ]
[2025-11-29T11:35:09+08:00][sql] SELECT * FROM `pd_user` WHERE  `id` = 1 LIMIT 1 [ RunTime:0.001027s ]
[2025-11-29T11:35:09+08:00][sql] CONNECT:[ UseTime:0.000961s ] mysql:host=127.0.0.1;port=3306;dbname=providence;charset=utf8mb4
[2025-11-29T11:35:09+08:00][sql] SHOW FULL COLUMNS FROM `pd_user` [ RunTime:0.003704s ]
[2025-11-29T11:35:09+08:00][sql] SELECT * FROM `pd_user` WHERE  `id` = 1 LIMIT 1 [ RunTime:0.000776s ]
[2025-11-29T11:35:31+08:00][sql] CONNECT:[ UseTime:0.075829s ] mysql:host=127.0.0.1;port=3306;dbname=providence;charset=utf8mb4
[2025-11-29T11:35:31+08:00][sql] SHOW FULL COLUMNS FROM `pd_user` [ RunTime:0.071748s ]
[2025-11-29T11:35:31+08:00][sql] SELECT * FROM `pd_user` WHERE  `id` = 1 LIMIT 1 [ RunTime:0.002099s ]
[2025-11-29T11:35:31+08:00][sql] CONNECT:[ UseTime:0.017523s ] mysql:host=127.0.0.1;port=3306;dbname=providence;charset=utf8mb4
[2025-11-29T11:35:31+08:00][sql] SHOW FULL COLUMNS FROM `pd_user` [ RunTime:0.032950s ]
[2025-11-29T11:35:31+08:00][sql] SELECT * FROM `pd_user` WHERE  `id` = 1 LIMIT 1 [ RunTime:0.001539s ]
[2025-11-29T11:41:47+08:00][sql] CONNECT:[ UseTime:0.022187s ] mysql:host=127.0.0.1;port=3306;dbname=providence;charset=utf8mb4
[2025-11-29T11:41:47+08:00][sql] SHOW FULL COLUMNS FROM `pd_user` [ RunTime:0.015732s ]
[2025-11-29T11:41:47+08:00][sql] SELECT * FROM `pd_user` WHERE  `id` = 1 LIMIT 1 [ RunTime:0.025656s ]
[2025-11-29T11:41:47+08:00][sql] CONNECT:[ UseTime:0.000860s ] mysql:host=127.0.0.1;port=3306;dbname=providence;charset=utf8mb4
[2025-11-29T11:41:47+08:00][sql] SHOW FULL COLUMNS FROM `pd_user` [ RunTime:0.006771s ]
[2025-11-29T11:41:47+08:00][sql] SELECT * FROM `pd_user` WHERE  `id` = 1 LIMIT 1 [ RunTime:0.009702s ]
[2025-11-29T11:43:45+08:00][sql] CONNECT:[ UseTime:0.010342s ] mysql:host=127.0.0.1;port=3306;dbname=providence;charset=utf8mb4
[2025-11-29T11:44:14+08:00][sql] CONNECT:[ UseTime:0.005132s ] mysql:host=127.0.0.1;port=3306;dbname=providence;charset=utf8mb4
[2025-11-29T11:44:35+08:00][sql] CONNECT:[ UseTime:0.021532s ] mysql:host=127.0.0.1;port=3306;dbname=providence;charset=utf8mb4
[2025-11-29T11:44:35+08:00][sql] SHOW FULL COLUMNS FROM `pd_user` [ RunTime:0.016070s ]
[2025-11-29T11:44:35+08:00][sql] SELECT * FROM `pd_user` WHERE  `id` = 1 LIMIT 1 [ RunTime:0.002054s ]
[2025-11-29T11:44:35+08:00][sql] CONNECT:[ UseTime:0.000930s ] mysql:host=127.0.0.1;port=3306;dbname=providence;charset=utf8mb4
[2025-11-29T11:44:35+08:00][sql] SHOW FULL COLUMNS FROM `pd_user` [ RunTime:0.062467s ]
[2025-11-29T11:44:35+08:00][sql] SELECT * FROM `pd_user` WHERE  `id` = 1 LIMIT 1 [ RunTime:0.032454s ]
[2025-11-29T11:46:26+08:00][sql] CONNECT:[ UseTime:0.008978s ] mysql:host=127.0.0.1;port=3306;dbname=providence;charset=utf8mb4
[2025-11-29T11:47:18+08:00][sql] CONNECT:[ UseTime:0.004639s ] mysql:host=127.0.0.1;port=3306;dbname=providence;charset=utf8mb4
[2025-11-29T13:53:49+08:00][sql] CONNECT:[ UseTime:0.048104s ] mysql:host=127.0.0.1;port=3306;dbname=providence;charset=utf8mb4
[2025-11-29T13:53:49+08:00][sql] SHOW FULL COLUMNS FROM `pd_user` [ RunTime:0.049388s ]
[2025-11-29T13:53:49+08:00][sql] SELECT COUNT(*) AS think_count FROM `pd_user` LIMIT 1 [ RunTime:0.002387s ]
[2025-11-29T13:53:49+08:00][sql] SHOW FULL COLUMNS FROM `pd_recharge` [ RunTime:0.001711s ]
[2025-11-29T13:54:20+08:00][sql] CONNECT:[ UseTime:0.000801s ] mysql:host=127.0.0.1;port=3306;dbname=providence;charset=utf8mb4
[2025-11-29T13:54:20+08:00][sql] SHOW FULL COLUMNS FROM `pd_user` [ RunTime:0.002764s ]
[2025-11-29T13:54:20+08:00][sql] SELECT COUNT(*) AS think_count FROM `pd_user` LIMIT 1 [ RunTime:0.000427s ]
[2025-11-29T13:54:20+08:00][sql] SHOW FULL COLUMNS FROM `pd_recharge` [ RunTime:0.001426s ]
[2025-11-29T13:54:21+08:00][sql] CONNECT:[ UseTime:0.000803s ] mysql:host=127.0.0.1;port=3306;dbname=providence;charset=utf8mb4
[2025-11-29T13:54:22+08:00][sql] CONNECT:[ UseTime:0.000899s ] mysql:host=127.0.0.1;port=3306;dbname=providence;charset=utf8mb4
[2025-11-29T13:54:22+08:00][sql] SHOW FULL COLUMNS FROM `pd_user` [ RunTime:0.001941s ]
[2025-11-29T13:54:22+08:00][sql] SELECT COUNT(*) AS think_count FROM `pd_user` LIMIT 1 [ RunTime:0.000385s ]
[2025-11-29T13:54:22+08:00][sql] SHOW FULL COLUMNS FROM `pd_recharge` [ RunTime:0.002610s ]
[2025-11-29T13:54:23+08:00][sql] CONNECT:[ UseTime:0.000636s ] mysql:host=127.0.0.1;port=3306;dbname=providence;charset=utf8mb4
[2025-11-29T13:54:23+08:00][sql] SHOW FULL COLUMNS FROM `pd_user` [ RunTime:0.004911s ]
[2025-11-29T13:54:23+08:00][sql] SELECT COUNT(*) AS think_count FROM `pd_user` LIMIT 1 [ RunTime:0.000649s ]
[2025-11-29T13:54:23+08:00][sql] SHOW FULL COLUMNS FROM `pd_recharge` [ RunTime:0.001931s ]
[2025-11-29T13:54:23+08:00][sql] CONNECT:[ UseTime:0.002111s ] mysql:host=127.0.0.1;port=3306;dbname=providence;charset=utf8mb4
[2025-11-29T13:54:23+08:00][sql] SHOW FULL COLUMNS FROM `pd_user` [ RunTime:0.002651s ]
[2025-11-29T13:54:23+08:00][sql] SELECT COUNT(*) AS think_count FROM `pd_user` LIMIT 1 [ RunTime:0.000535s ]
[2025-11-29T13:54:23+08:00][sql] SHOW FULL COLUMNS FROM `pd_recharge` [ RunTime:0.001995s ]
[2025-11-29T13:54:25+08:00][sql] CONNECT:[ UseTime:0.000961s ] mysql:host=127.0.0.1;port=3306;dbname=providence;charset=utf8mb4
[2025-11-29T13:54:25+08:00][sql] SHOW FULL COLUMNS FROM `pd_recharge` [ RunTime:0.002249s ]
[2025-11-29T13:54:32+08:00][sql] CONNECT:[ UseTime:0.000674s ] mysql:host=127.0.0.1;port=3306;dbname=providence;charset=utf8mb4
[2025-11-29T13:54:32+08:00][sql] SHOW FULL COLUMNS FROM `pd_user` [ RunTime:0.001878s ]
[2025-11-29T13:54:32+08:00][sql] SELECT COUNT(*) AS think_count FROM `pd_user` LIMIT 1 [ RunTime:0.000355s ]
[2025-11-29T13:54:32+08:00][sql] SHOW FULL COLUMNS FROM `pd_recharge` [ RunTime:0.001431s ]
[2025-11-29T13:54:34+08:00][sql] CONNECT:[ UseTime:0.000700s ] mysql:host=127.0.0.1;port=3306;dbname=providence;charset=utf8mb4
[2025-11-29T13:54:36+08:00][sql] CONNECT:[ UseTime:0.000919s ] mysql:host=127.0.0.1;port=3306;dbname=providence;charset=utf8mb4
[2025-11-29T13:54:36+08:00][sql] SHOW FULL COLUMNS FROM `pd_withdraw` [ RunTime:0.002881s ]
[2025-11-29T13:54:36+08:00][sql] SELECT `w`.*,`u`.`username` FROM `pd_withdraw` `w` INNER JOIN `pd_user` `u` ON `w`.`user_id`=`u`.`id` ORDER BY `w`.`id` DESC LIMIT 0,20 [ RunTime:0.004516s ]
[2025-11-29T13:54:36+08:00][sql] SELECT COUNT(*) AS think_count FROM `pd_withdraw` `w` LIMIT 1 [ RunTime:0.000603s ]
[2025-11-29T13:55:09+08:00][sql] CONNECT:[ UseTime:0.000588s ] mysql:host=127.0.0.1;port=3306;dbname=providence;charset=utf8mb4
[2025-11-29T13:55:09+08:00][sql] SHOW FULL COLUMNS FROM `pd_user` [ RunTime:0.001900s ]
[2025-11-29T13:55:09+08:00][sql] SELECT COUNT(*) AS think_count FROM `pd_user` LIMIT 1 [ RunTime:0.000338s ]
[2025-11-29T13:55:09+08:00][sql] SHOW FULL COLUMNS FROM `pd_recharge` [ RunTime:0.001212s ]
[2025-11-29T13:56:58+08:00][sql] CONNECT:[ UseTime:0.000914s ] mysql:host=127.0.0.1;port=3306;dbname=providence;charset=utf8mb4
[2025-11-29T13:56:58+08:00][sql] SHOW FULL COLUMNS FROM `pd_user` [ RunTime:0.005630s ]
[2025-11-29T13:56:58+08:00][sql] SELECT COUNT(*) AS think_count FROM `pd_user` LIMIT 1 [ RunTime:0.000548s ]
[2025-11-29T13:56:58+08:00][sql] SHOW FULL COLUMNS FROM `pd_recharge` [ RunTime:0.019502s ]
[2025-11-29T13:56:58+08:00][sql] SELECT SUM(`amount`) AS think_sum FROM `pd_recharge` WHERE  `create_time` BETWEEN '2025-11-29 00:00:00' AND '2025-11-29 23:59:59'  AND `status` = 1 LIMIT 1 [ RunTime:0.002537s ]
[2025-11-29T13:56:58+08:00][sql] SHOW FULL COLUMNS FROM `pd_withdraw` [ RunTime:0.002023s ]
[2025-11-29T13:56:58+08:00][sql] SELECT SUM(`amount`) AS think_sum FROM `pd_withdraw` WHERE  `create_time` BETWEEN '2025-11-29 00:00:00' AND '2025-11-29 23:59:59'  AND `status` = 1 LIMIT 1 [ RunTime:0.000923s ]
[2025-11-29T13:56:58+08:00][sql] SHOW FULL COLUMNS FROM `pd_project` [ RunTime:0.001805s ]
[2025-11-29T13:56:58+08:00][sql] SELECT COUNT(*) AS think_count FROM `pd_project` WHERE  `status` = 1 LIMIT 1 [ RunTime:0.001028s ]
[2025-11-29T13:56:58+08:00][sql] SELECT COUNT(*) AS think_count FROM `pd_user` WHERE  `create_time` BETWEEN '2025-11-29 00:00:00' AND '2025-11-29 23:59:59' LIMIT 1 [ RunTime:0.000512s ]
[2025-11-29T13:56:58+08:00][sql] SHOW FULL COLUMNS FROM `pd_investment` [ RunTime:0.001461s ]
[2025-11-29T13:56:58+08:00][sql] SELECT SUM(`amount`) AS think_sum FROM `pd_investment` WHERE  `status` = 1 LIMIT 1 [ RunTime:0.000608s ]
[2025-11-29T13:56:58+08:00][sql] SELECT COUNT(*) AS think_count FROM `pd_recharge` WHERE  `status` = 0 LIMIT 1 [ RunTime:0.000331s ]
[2025-11-29T13:56:58+08:00][sql] SELECT COUNT(*) AS think_count FROM `pd_withdraw` WHERE  `status` = 0 LIMIT 1 [ RunTime:0.000280s ]
[2025-11-29T13:57:29+08:00][sql] CONNECT:[ UseTime:0.000709s ] mysql:host=127.0.0.1;port=3306;dbname=providence;charset=utf8mb4
[2025-11-29T13:57:29+08:00][sql] SHOW FULL COLUMNS FROM `pd_user` [ RunTime:0.002060s ]
[2025-11-29T13:57:29+08:00][sql] SELECT COUNT(*) AS think_count FROM `pd_user` LIMIT 1 [ RunTime:0.000437s ]
[2025-11-29T13:57:29+08:00][sql] SHOW FULL COLUMNS FROM `pd_recharge` [ RunTime:0.001583s ]
[2025-11-29T13:57:29+08:00][sql] SELECT SUM(`amount`) AS think_sum FROM `pd_recharge` WHERE  `create_time` BETWEEN '2025-11-29 00:00:00' AND '2025-11-29 23:59:59'  AND `status` = 1 LIMIT 1 [ RunTime:0.000715s ]
[2025-11-29T13:57:29+08:00][sql] SHOW FULL COLUMNS FROM `pd_withdraw` [ RunTime:0.001479s ]
[2025-11-29T13:57:29+08:00][sql] SELECT SUM(`amount`) AS think_sum FROM `pd_withdraw` WHERE  `create_time` BETWEEN '2025-11-29 00:00:00' AND '2025-11-29 23:59:59'  AND `status` = 1 LIMIT 1 [ RunTime:0.000683s ]
[2025-11-29T13:57:29+08:00][sql] SHOW FULL COLUMNS FROM `pd_project` [ RunTime:0.001701s ]
[2025-11-29T13:57:29+08:00][sql] SELECT COUNT(*) AS think_count FROM `pd_project` WHERE  `status` = 1 LIMIT 1 [ RunTime:0.000590s ]
[2025-11-29T13:57:29+08:00][sql] SELECT COUNT(*) AS think_count FROM `pd_user` WHERE  `create_time` BETWEEN '2025-11-29 00:00:00' AND '2025-11-29 23:59:59' LIMIT 1 [ RunTime:0.000339s ]
[2025-11-29T13:57:29+08:00][sql] SHOW FULL COLUMNS FROM `pd_investment` [ RunTime:0.001501s ]
[2025-11-29T13:57:29+08:00][sql] SELECT SUM(`amount`) AS think_sum FROM `pd_investment` WHERE  `status` = 1 LIMIT 1 [ RunTime:0.000749s ]
[2025-11-29T13:57:29+08:00][sql] SELECT COUNT(*) AS think_count FROM `pd_recharge` WHERE  `status` = 0 LIMIT 1 [ RunTime:0.000370s ]
[2025-11-29T13:57:29+08:00][sql] SELECT COUNT(*) AS think_count FROM `pd_withdraw` WHERE  `status` = 0 LIMIT 1 [ RunTime:0.000294s ]
[2025-11-29T13:57:29+08:00][sql] CONNECT:[ UseTime:0.000940s ] mysql:host=127.0.0.1;port=3306;dbname=providence;charset=utf8mb4
[2025-11-29T13:57:29+08:00][sql] SHOW FULL COLUMNS FROM `pd_user` [ RunTime:0.002183s ]
[2025-11-29T13:57:29+08:00][sql] SELECT * FROM `pd_user` ORDER BY `id` DESC LIMIT 0,10 [ RunTime:0.000704s ]
[2025-11-29T13:57:29+08:00][sql] SELECT COUNT(*) AS think_count FROM `pd_user` LIMIT 1 [ RunTime:0.000393s ]
[2025-11-29T13:57:29+08:00][sql] SELECT `username` FROM `pd_user` WHERE  `id` = 5 LIMIT 1 [ RunTime:0.000397s ]
[2025-11-29T13:57:29+08:00][sql] SELECT COUNT(*) AS think_count FROM `pd_user` WHERE  `inviter_id` = 10 LIMIT 1 [ RunTime:0.000507s ]
[2025-11-29T13:57:29+08:00][sql] SHOW FULL COLUMNS FROM `pd_recharge` [ RunTime:0.001783s ]
[2025-11-29T13:57:29+08:00][sql] SELECT SUM(`amount`) AS think_sum FROM `pd_recharge` WHERE  `user_id` = 10  AND `status` = 1 LIMIT 1 [ RunTime:0.003048s ]
[2025-11-29T13:57:29+08:00][sql] SHOW FULL COLUMNS FROM `pd_withdraw` [ RunTime:0.001725s ]
[2025-11-29T13:57:29+08:00][sql] SELECT SUM(`amount`) AS think_sum FROM `pd_withdraw` WHERE  `user_id` = 10  AND `status` = 1 LIMIT 1 [ RunTime:0.000890s ]
[2025-11-29T13:57:29+08:00][sql] SELECT `username` FROM `pd_user` WHERE  `id` = 4 LIMIT 1 [ RunTime:0.000387s ]
[2025-11-29T13:57:29+08:00][sql] SELECT COUNT(*) AS think_count FROM `pd_user` WHERE  `inviter_id` = 9 LIMIT 1 [ RunTime:0.000353s ]
[2025-11-29T13:57:29+08:00][sql] SELECT SUM(`amount`) AS think_sum FROM `pd_recharge` WHERE  `user_id` = 9  AND `status` = 1 LIMIT 1 [ RunTime:0.000324s ]
[2025-11-29T13:57:29+08:00][sql] SELECT SUM(`amount`) AS think_sum FROM `pd_withdraw` WHERE  `user_id` = 9  AND `status` = 1 LIMIT 1 [ RunTime:0.000318s ]
[2025-11-29T13:57:29+08:00][sql] SELECT `username` FROM `pd_user` WHERE  `id` = 3 LIMIT 1 [ RunTime:0.000400s ]
[2025-11-29T13:57:29+08:00][sql] SELECT COUNT(*) AS think_count FROM `pd_user` WHERE  `inviter_id` = 8 LIMIT 1 [ RunTime:0.001228s ]
[2025-11-29T13:57:29+08:00][sql] SELECT SUM(`amount`) AS think_sum FROM `pd_recharge` WHERE  `user_id` = 8  AND `status` = 1 LIMIT 1 [ RunTime:0.001131s ]
[2025-11-29T13:57:29+08:00][sql] SELECT SUM(`amount`) AS think_sum FROM `pd_withdraw` WHERE  `user_id` = 8  AND `status` = 1 LIMIT 1 [ RunTime:0.000690s ]
[2025-11-29T13:57:29+08:00][sql] SELECT `username` FROM `pd_user` WHERE  `id` = 3 LIMIT 1 [ RunTime:0.000402s ]
[2025-11-29T13:57:29+08:00][sql] SELECT COUNT(*) AS think_count FROM `pd_user` WHERE  `inviter_id` = 7 LIMIT 1 [ RunTime:0.000360s ]
[2025-11-29T13:57:29+08:00][sql] SELECT SUM(`amount`) AS think_sum FROM `pd_recharge` WHERE  `user_id` = 7  AND `status` = 1 LIMIT 1 [ RunTime:0.000504s ]
[2025-11-29T13:57:29+08:00][sql] SELECT SUM(`amount`) AS think_sum FROM `pd_withdraw` WHERE  `user_id` = 7  AND `status` = 1 LIMIT 1 [ RunTime:0.000837s ]
[2025-11-29T13:57:29+08:00][sql] SELECT `username` FROM `pd_user` WHERE  `id` = 2 LIMIT 1 [ RunTime:0.000321s ]
[2025-11-29T13:57:29+08:00][sql] SELECT COUNT(*) AS think_count FROM `pd_user` WHERE  `inviter_id` = 6 LIMIT 1 [ RunTime:0.000277s ]
[2025-11-29T13:57:29+08:00][sql] SELECT SUM(`amount`) AS think_sum FROM `pd_recharge` WHERE  `user_id` = 6  AND `status` = 1 LIMIT 1 [ RunTime:0.000263s ]
[2025-11-29T13:57:29+08:00][sql] SELECT SUM(`amount`) AS think_sum FROM `pd_withdraw` WHERE  `user_id` = 6  AND `status` = 1 LIMIT 1 [ RunTime:0.000267s ]
[2025-11-29T13:57:29+08:00][sql] SELECT `username` FROM `pd_user` WHERE  `id` = 2 LIMIT 1 [ RunTime:0.000235s ]
[2025-11-29T13:57:29+08:00][sql] SELECT COUNT(*) AS think_count FROM `pd_user` WHERE  `inviter_id` = 5 LIMIT 1 [ RunTime:0.000228s ]
[2025-11-29T13:57:29+08:00][sql] SELECT SUM(`amount`) AS think_sum FROM `pd_recharge` WHERE  `user_id` = 5  AND `status` = 1 LIMIT 1 [ RunTime:0.000241s ]
[2025-11-29T13:57:29+08:00][sql] SELECT SUM(`amount`) AS think_sum FROM `pd_withdraw` WHERE  `user_id` = 5  AND `status` = 1 LIMIT 1 [ RunTime:0.000220s ]
[2025-11-29T13:57:29+08:00][sql] SELECT `username` FROM `pd_user` WHERE  `id` = 1 LIMIT 1 [ RunTime:0.000220s ]
[2025-11-29T13:57:29+08:00][sql] SELECT COUNT(*) AS think_count FROM `pd_user` WHERE  `inviter_id` = 4 LIMIT 1 [ RunTime:0.000302s ]
[2025-11-29T13:57:29+08:00][sql] SELECT SUM(`amount`) AS think_sum FROM `pd_recharge` WHERE  `user_id` = 4  AND `status` = 1 LIMIT 1 [ RunTime:0.000275s ]
[2025-11-29T13:57:29+08:00][sql] SELECT SUM(`amount`) AS think_sum FROM `pd_withdraw` WHERE  `user_id` = 4  AND `status` = 1 LIMIT 1 [ RunTime:0.000264s ]
[2025-11-29T13:57:29+08:00][sql] SELECT `username` FROM `pd_user` WHERE  `id` = 1 LIMIT 1 [ RunTime:0.000262s ]
[2025-11-29T13:57:29+08:00][sql] SELECT COUNT(*) AS think_count FROM `pd_user` WHERE  `inviter_id` = 3 LIMIT 1 [ RunTime:0.000475s ]
[2025-11-29T13:57:29+08:00][sql] SELECT SUM(`amount`) AS think_sum FROM `pd_recharge` WHERE  `user_id` = 3  AND `status` = 1 LIMIT 1 [ RunTime:0.000459s ]
[2025-11-29T13:57:29+08:00][sql] SELECT SUM(`amount`) AS think_sum FROM `pd_withdraw` WHERE  `user_id` = 3  AND `status` = 1 LIMIT 1 [ RunTime:0.000326s ]
[2025-11-29T13:57:29+08:00][sql] SELECT `username` FROM `pd_user` WHERE  `id` = 1 LIMIT 1 [ RunTime:0.000267s ]
[2025-11-29T13:57:29+08:00][sql] SELECT COUNT(*) AS think_count FROM `pd_user` WHERE  `inviter_id` = 2 LIMIT 1 [ RunTime:0.000266s ]
[2025-11-29T13:57:29+08:00][sql] SELECT SUM(`amount`) AS think_sum FROM `pd_recharge` WHERE  `user_id` = 2  AND `status` = 1 LIMIT 1 [ RunTime:0.000272s ]
[2025-11-29T13:57:29+08:00][sql] SELECT SUM(`amount`) AS think_sum FROM `pd_withdraw` WHERE  `user_id` = 2  AND `status` = 1 LIMIT 1 [ RunTime:0.000274s ]
[2025-11-29T13:57:29+08:00][sql] SELECT COUNT(*) AS think_count FROM `pd_user` WHERE  `inviter_id` = 1 LIMIT 1 [ RunTime:0.000312s ]
[2025-11-29T13:57:29+08:00][sql] SELECT SUM(`amount`) AS think_sum FROM `pd_recharge` WHERE  `user_id` = 1  AND `status` = 1 LIMIT 1 [ RunTime:0.000289s ]
[2025-11-29T13:57:29+08:00][sql] SELECT SUM(`amount`) AS think_sum FROM `pd_withdraw` WHERE  `user_id` = 1  AND `status` = 1 LIMIT 1 [ RunTime:0.000343s ]
[2025-11-29T13:58:35+08:00][sql] CONNECT:[ UseTime:0.000625s ] mysql:host=127.0.0.1;port=3306;dbname=providence;charset=utf8mb4
[2025-11-29T13:58:35+08:00][sql] SHOW FULL COLUMNS FROM `pd_recharge` [ RunTime:0.001605s ]
[2025-11-29T13:58:35+08:00][sql] SELECT SUM(`amount`) AS think_sum FROM `pd_recharge` WHERE  `status` = 1  AND `create_time` BETWEEN '2025-11-29 00:00:00' AND '2025-11-29 23:59:59'  LIMIT 1 [ RunTime:0.000583s ]
[2025-11-29T13:58:35+08:00][sql] SHOW FULL COLUMNS FROM `pd_user` [ RunTime:0.001634s ]
[2025-11-29T13:58:35+08:00][sql] SELECT COUNT(*) AS think_count FROM `pd_user` WHERE  `last_login_time` BETWEEN '2025-11-29 00:00:00' AND '2025-11-29 23:59:59'  LIMIT 1 [ RunTime:0.000474s ]
[2025-11-29T13:58:35+08:00][sql] SELECT COUNT(*) AS think_count FROM `pd_user` WHERE  `create_time` BETWEEN '2025-11-29 00:00:00' AND '2025-11-29 23:59:59'  LIMIT 1 [ RunTime:0.000346s ]
[2025-11-29T13:58:35+08:00][sql] SELECT COUNT(*) AS think_count FROM `pd_user` LIMIT 1 [ RunTime:0.000265s ]
[2025-11-29T13:58:35+08:00][sql] SHOW FULL COLUMNS FROM `pd_investment` [ RunTime:0.001442s ]
[2025-11-29T13:58:35+08:00][sql] SELECT COUNT(*) AS think_count FROM ( SELECT count(*) AS think_count FROM `pd_investment` GROUP BY `user_id` ) `_group_count_` LIMIT 1 [ RunTime:0.000724s ]
[2025-11-29T13:58:35+08:00][sql] SELECT SUM(`amount`) AS think_sum FROM `pd_recharge` WHERE  `status` = 1  AND `create_time` BETWEEN '2025-11-23 00:00:00' AND '2025-11-23 23:59:59' LIMIT 1 [ RunTime:0.000304s ]
[2025-11-29T13:58:35+08:00][sql] SELECT SUM(`amount`) AS think_sum FROM `pd_recharge` WHERE  `status` = 1  AND `create_time` BETWEEN '2025-11-24 00:00:00' AND '2025-11-24 23:59:59' LIMIT 1 [ RunTime:0.000241s ]
[2025-11-29T13:58:35+08:00][sql] SELECT SUM(`amount`) AS think_sum FROM `pd_recharge` WHERE  `status` = 1  AND `create_time` BETWEEN '2025-11-25 00:00:00' AND '2025-11-25 23:59:59' LIMIT 1 [ RunTime:0.000219s ]
[2025-11-29T13:58:35+08:00][sql] SELECT SUM(`amount`) AS think_sum FROM `pd_recharge` WHERE  `status` = 1  AND `create_time` BETWEEN '2025-11-26 00:00:00' AND '2025-11-26 23:59:59' LIMIT 1 [ RunTime:0.000211s ]
[2025-11-29T13:58:35+08:00][sql] SELECT SUM(`amount`) AS think_sum FROM `pd_recharge` WHERE  `status` = 1  AND `create_time` BETWEEN '2025-11-27 00:00:00' AND '2025-11-27 23:59:59' LIMIT 1 [ RunTime:0.000205s ]
[2025-11-29T13:58:35+08:00][sql] SELECT SUM(`amount`) AS think_sum FROM `pd_recharge` WHERE  `status` = 1  AND `create_time` BETWEEN '2025-11-28 00:00:00' AND '2025-11-28 23:59:59' LIMIT 1 [ RunTime:0.000213s ]
[2025-11-29T13:58:35+08:00][sql] SELECT SUM(`amount`) AS think_sum FROM `pd_recharge` WHERE  `status` = 1  AND `create_time` BETWEEN '2025-11-29 00:00:00' AND '2025-11-29 23:59:59' LIMIT 1 [ RunTime:0.000199s ]
[2025-11-29T13:58:35+08:00][sql] SELECT u.username, SUM(i.amount) as total_invest FROM `pd_investment` `i` INNER JOIN `pd_user` `u` ON `i`.`user_id`=`u`.`id` GROUP BY `i`.`user_id` ORDER BY `total_invest` DESC LIMIT 10 [ RunTime:0.000517s ]
[2025-11-29T13:58:35+08:00][sql] SHOW FULL COLUMNS FROM `pd_project` [ RunTime:0.001712s ]
[2025-11-29T13:58:35+08:00][sql] SELECT `name`,`total_amount` FROM `pd_project` ORDER BY `total_amount` DESC LIMIT 10 [ RunTime:0.000572s ]
[2025-11-29T13:58:35+08:00][sql] SELECT username as leader_name,
                        (SELECT COUNT(*) FROM pd_user WHERE inviter_id = pd_user.id) as member_count,
                        (SELECT SUM(amount) FROM pd_investment WHERE user_id IN (SELECT id FROM pd_user WHERE inviter_id = pd_user.id)) as total_performance FROM `pd_user` HAVING member_count > 0 ORDER BY `total_performance` DESC LIMIT 10 [ RunTime:0.001200s ]
[2025-11-29T13:58:35+08:00][sql] SELECT COUNT(*) AS think_count FROM `pd_user` WHERE  `create_time` BETWEEN '2025-11-23 00:00:00' AND '2025-11-23 23:59:59' LIMIT 1 [ RunTime:0.000480s ]
[2025-11-29T13:58:35+08:00][sql] SELECT COUNT(*) AS think_count FROM `pd_user` WHERE  `last_login_time` BETWEEN '2025-11-23 00:00:00' AND '2025-11-23 23:59:59' LIMIT 1 [ RunTime:0.000420s ]
[2025-11-29T13:58:35+08:00][sql] SELECT SUM(`amount`) AS think_sum FROM `pd_recharge` WHERE  `status` = 1  AND `create_time` BETWEEN '2025-11-23 00:00:00' AND '2025-11-23 23:59:59' LIMIT 1 [ RunTime:0.000586s ]
[2025-11-29T13:58:35+08:00][sql] SELECT COUNT(*) AS think_count FROM `pd_recharge` WHERE  `status` = 1  AND `create_time` BETWEEN '2025-11-23 00:00:00' AND '2025-11-23 23:59:59' LIMIT 1 [ RunTime:0.000359s ]
[2025-11-29T13:58:35+08:00][sql] SHOW FULL COLUMNS FROM `pd_withdraw` [ RunTime:0.001290s ]
[2025-11-29T13:58:35+08:00][sql] SELECT SUM(`amount`) AS think_sum FROM `pd_withdraw` WHERE  `status` = 1  AND `create_time` BETWEEN '2025-11-23 00:00:00' AND '2025-11-23 23:59:59' LIMIT 1 [ RunTime:0.000817s ]
[2025-11-29T13:58:35+08:00][sql] SELECT COUNT(*) AS think_count FROM `pd_withdraw` WHERE  `status` = 1  AND `create_time` BETWEEN '2025-11-23 00:00:00' AND '2025-11-23 23:59:59' LIMIT 1 [ RunTime:0.000344s ]
[2025-11-29T13:58:35+08:00][sql] SELECT SUM(`amount`) AS think_sum FROM `pd_investment` WHERE  `create_time` BETWEEN '2025-11-23 00:00:00' AND '2025-11-23 23:59:59' LIMIT 1 [ RunTime:0.000353s ]
[2025-11-29T13:58:35+08:00][sql] SELECT COUNT(*) AS think_count FROM `pd_investment` WHERE  `create_time` BETWEEN '2025-11-23 00:00:00' AND '2025-11-23 23:59:59' LIMIT 1 [ RunTime:0.000275s ]
[2025-11-29T13:58:35+08:00][sql] SELECT COUNT(*) AS think_count FROM `pd_user` WHERE  `create_time` BETWEEN '2025-11-24 00:00:00' AND '2025-11-24 23:59:59' LIMIT 1 [ RunTime:0.000276s ]
[2025-11-29T13:58:35+08:00][sql] SELECT COUNT(*) AS think_count FROM `pd_user` WHERE  `last_login_time` BETWEEN '2025-11-24 00:00:00' AND '2025-11-24 23:59:59' LIMIT 1 [ RunTime:0.000311s ]
[2025-11-29T13:58:35+08:00][sql] SELECT SUM(`amount`) AS think_sum FROM `pd_recharge` WHERE  `status` = 1  AND `create_time` BETWEEN '2025-11-24 00:00:00' AND '2025-11-24 23:59:59' LIMIT 1 [ RunTime:0.000331s ]
[2025-11-29T13:58:35+08:00][sql] SELECT COUNT(*) AS think_count FROM `pd_recharge` WHERE  `status` = 1  AND `create_time` BETWEEN '2025-11-24 00:00:00' AND '2025-11-24 23:59:59' LIMIT 1 [ RunTime:0.000319s ]
[2025-11-29T13:58:35+08:00][sql] SELECT SUM(`amount`) AS think_sum FROM `pd_withdraw` WHERE  `status` = 1  AND `create_time` BETWEEN '2025-11-24 00:00:00' AND '2025-11-24 23:59:59' LIMIT 1 [ RunTime:0.000274s ]
[2025-11-29T13:58:35+08:00][sql] SELECT COUNT(*) AS think_count FROM `pd_withdraw` WHERE  `status` = 1  AND `create_time` BETWEEN '2025-11-24 00:00:00' AND '2025-11-24 23:59:59' LIMIT 1 [ RunTime:0.000267s ]
[2025-11-29T13:58:35+08:00][sql] SELECT SUM(`amount`) AS think_sum FROM `pd_investment` WHERE  `create_time` BETWEEN '2025-11-24 00:00:00' AND '2025-11-24 23:59:59' LIMIT 1 [ RunTime:0.000258s ]
[2025-11-29T13:58:35+08:00][sql] SELECT COUNT(*) AS think_count FROM `pd_investment` WHERE  `create_time` BETWEEN '2025-11-24 00:00:00' AND '2025-11-24 23:59:59' LIMIT 1 [ RunTime:0.000351s ]
[2025-11-29T13:58:35+08:00][sql] SELECT COUNT(*) AS think_count FROM `pd_user` WHERE  `create_time` BETWEEN '2025-11-25 00:00:00' AND '2025-11-25 23:59:59' LIMIT 1 [ RunTime:0.000270s ]
[2025-11-29T13:58:35+08:00][sql] SELECT COUNT(*) AS think_count FROM `pd_user` WHERE  `last_login_time` BETWEEN '2025-11-25 00:00:00' AND '2025-11-25 23:59:59' LIMIT 1 [ RunTime:0.000269s ]
[2025-11-29T13:58:35+08:00][sql] SELECT SUM(`amount`) AS think_sum FROM `pd_recharge` WHERE  `status` = 1  AND `create_time` BETWEEN '2025-11-25 00:00:00' AND '2025-11-25 23:59:59' LIMIT 1 [ RunTime:0.000292s ]
[2025-11-29T13:58:35+08:00][sql] SELECT COUNT(*) AS think_count FROM `pd_recharge` WHERE  `status` = 1  AND `create_time` BETWEEN '2025-11-25 00:00:00' AND '2025-11-25 23:59:59' LIMIT 1 [ RunTime:0.000300s ]
[2025-11-29T13:58:35+08:00][sql] SELECT SUM(`amount`) AS think_sum FROM `pd_withdraw` WHERE  `status` = 1  AND `create_time` BETWEEN '2025-11-25 00:00:00' AND '2025-11-25 23:59:59' LIMIT 1 [ RunTime:0.000299s ]
[2025-11-29T13:58:35+08:00][sql] SELECT COUNT(*) AS think_count FROM `pd_withdraw` WHERE  `status` = 1  AND `create_time` BETWEEN '2025-11-25 00:00:00' AND '2025-11-25 23:59:59' LIMIT 1 [ RunTime:0.000384s ]
[2025-11-29T13:58:35+08:00][sql] SELECT SUM(`amount`) AS think_sum FROM `pd_investment` WHERE  `create_time` BETWEEN '2025-11-25 00:00:00' AND '2025-11-25 23:59:59' LIMIT 1 [ RunTime:0.000363s ]
[2025-11-29T13:58:35+08:00][sql] SELECT COUNT(*) AS think_count FROM `pd_investment` WHERE  `create_time` BETWEEN '2025-11-25 00:00:00' AND '2025-11-25 23:59:59' LIMIT 1 [ RunTime:0.000288s ]
[2025-11-29T13:58:35+08:00][sql] SELECT COUNT(*) AS think_count FROM `pd_user` WHERE  `create_time` BETWEEN '2025-11-26 00:00:00' AND '2025-11-26 23:59:59' LIMIT 1 [ RunTime:0.000265s ]
[2025-11-29T13:58:35+08:00][sql] SELECT COUNT(*) AS think_count FROM `pd_user` WHERE  `last_login_time` BETWEEN '2025-11-26 00:00:00' AND '2025-11-26 23:59:59' LIMIT 1 [ RunTime:0.000273s ]
[2025-11-29T13:58:35+08:00][sql] SELECT SUM(`amount`) AS think_sum FROM `pd_recharge` WHERE  `status` = 1  AND `create_time` BETWEEN '2025-11-26 00:00:00' AND '2025-11-26 23:59:59' LIMIT 1 [ RunTime:0.000300s ]
[2025-11-29T13:58:35+08:00][sql] SELECT COUNT(*) AS think_count FROM `pd_recharge` WHERE  `status` = 1  AND `create_time` BETWEEN '2025-11-26 00:00:00' AND '2025-11-26 23:59:59' LIMIT 1 [ RunTime:0.000271s ]
[2025-11-29T13:58:35+08:00][sql] SELECT SUM(`amount`) AS think_sum FROM `pd_withdraw` WHERE  `status` = 1  AND `create_time` BETWEEN '2025-11-26 00:00:00' AND '2025-11-26 23:59:59' LIMIT 1 [ RunTime:0.000260s ]
[2025-11-29T13:58:35+08:00][sql] SELECT COUNT(*) AS think_count FROM `pd_withdraw` WHERE  `status` = 1  AND `create_time` BETWEEN '2025-11-26 00:00:00' AND '2025-11-26 23:59:59' LIMIT 1 [ RunTime:0.000309s ]
[2025-11-29T13:58:35+08:00][sql] SELECT SUM(`amount`) AS think_sum FROM `pd_investment` WHERE  `create_time` BETWEEN '2025-11-26 00:00:00' AND '2025-11-26 23:59:59' LIMIT 1 [ RunTime:0.000261s ]
[2025-11-29T13:58:35+08:00][sql] SELECT COUNT(*) AS think_count FROM `pd_investment` WHERE  `create_time` BETWEEN '2025-11-26 00:00:00' AND '2025-11-26 23:59:59' LIMIT 1 [ RunTime:0.000256s ]
[2025-11-29T13:58:35+08:00][sql] SELECT COUNT(*) AS think_count FROM `pd_user` WHERE  `create_time` BETWEEN '2025-11-27 00:00:00' AND '2025-11-27 23:59:59' LIMIT 1 [ RunTime:0.000267s ]
[2025-11-29T13:58:35+08:00][sql] SELECT COUNT(*) AS think_count FROM `pd_user` WHERE  `last_login_time` BETWEEN '2025-11-27 00:00:00' AND '2025-11-27 23:59:59' LIMIT 1 [ RunTime:0.000256s ]
[2025-11-29T13:58:35+08:00][sql] SELECT SUM(`amount`) AS think_sum FROM `pd_recharge` WHERE  `status` = 1  AND `create_time` BETWEEN '2025-11-27 00:00:00' AND '2025-11-27 23:59:59' LIMIT 1 [ RunTime:0.000285s ]
[2025-11-29T13:58:35+08:00][sql] SELECT COUNT(*) AS think_count FROM `pd_recharge` WHERE  `status` = 1  AND `create_time` BETWEEN '2025-11-27 00:00:00' AND '2025-11-27 23:59:59' LIMIT 1 [ RunTime:0.000283s ]
[2025-11-29T13:58:35+08:00][sql] SELECT SUM(`amount`) AS think_sum FROM `pd_withdraw` WHERE  `status` = 1  AND `create_time` BETWEEN '2025-11-27 00:00:00' AND '2025-11-27 23:59:59' LIMIT 1 [ RunTime:0.000277s ]
[2025-11-29T13:58:35+08:00][sql] SELECT COUNT(*) AS think_count FROM `pd_withdraw` WHERE  `status` = 1  AND `create_time` BETWEEN '2025-11-27 00:00:00' AND '2025-11-27 23:59:59' LIMIT 1 [ RunTime:0.000269s ]
[2025-11-29T13:58:35+08:00][sql] SELECT SUM(`amount`) AS think_sum FROM `pd_investment` WHERE  `create_time` BETWEEN '2025-11-27 00:00:00' AND '2025-11-27 23:59:59' LIMIT 1 [ RunTime:0.000252s ]
[2025-11-29T13:58:35+08:00][sql] SELECT COUNT(*) AS think_count FROM `pd_investment` WHERE  `create_time` BETWEEN '2025-11-27 00:00:00' AND '2025-11-27 23:59:59' LIMIT 1 [ RunTime:0.000237s ]
[2025-11-29T13:58:35+08:00][sql] SELECT COUNT(*) AS think_count FROM `pd_user` WHERE  `create_time` BETWEEN '2025-11-28 00:00:00' AND '2025-11-28 23:59:59' LIMIT 1 [ RunTime:0.000242s ]
[2025-11-29T13:58:35+08:00][sql] SELECT COUNT(*) AS think_count FROM `pd_user` WHERE  `last_login_time` BETWEEN '2025-11-28 00:00:00' AND '2025-11-28 23:59:59' LIMIT 1 [ RunTime:0.000259s ]
[2025-11-29T13:58:35+08:00][sql] SELECT SUM(`amount`) AS think_sum FROM `pd_recharge` WHERE  `status` = 1  AND `create_time` BETWEEN '2025-11-28 00:00:00' AND '2025-11-28 23:59:59' LIMIT 1 [ RunTime:0.000284s ]
[2025-11-29T13:58:35+08:00][sql] SELECT COUNT(*) AS think_count FROM `pd_recharge` WHERE  `status` = 1  AND `create_time` BETWEEN '2025-11-28 00:00:00' AND '2025-11-28 23:59:59' LIMIT 1 [ RunTime:0.000280s ]
[2025-11-29T13:58:35+08:00][sql] SELECT SUM(`amount`) AS think_sum FROM `pd_withdraw` WHERE  `status` = 1  AND `create_time` BETWEEN '2025-11-28 00:00:00' AND '2025-11-28 23:59:59' LIMIT 1 [ RunTime:0.000281s ]
[2025-11-29T13:58:35+08:00][sql] SELECT COUNT(*) AS think_count FROM `pd_withdraw` WHERE  `status` = 1  AND `create_time` BETWEEN '2025-11-28 00:00:00' AND '2025-11-28 23:59:59' LIMIT 1 [ RunTime:0.000278s ]
[2025-11-29T13:58:35+08:00][sql] SELECT SUM(`amount`) AS think_sum FROM `pd_investment` WHERE  `create_time` BETWEEN '2025-11-28 00:00:00' AND '2025-11-28 23:59:59' LIMIT 1 [ RunTime:0.000272s ]
[2025-11-29T13:58:35+08:00][sql] SELECT COUNT(*) AS think_count FROM `pd_investment` WHERE  `create_time` BETWEEN '2025-11-28 00:00:00' AND '2025-11-28 23:59:59' LIMIT 1 [ RunTime:0.000279s ]
[2025-11-29T13:58:35+08:00][sql] SELECT COUNT(*) AS think_count FROM `pd_user` WHERE  `create_time` BETWEEN '2025-11-29 00:00:00' AND '2025-11-29 23:59:59' LIMIT 1 [ RunTime:0.000427s ]
[2025-11-29T13:58:35+08:00][sql] SELECT COUNT(*) AS think_count FROM `pd_user` WHERE  `last_login_time` BETWEEN '2025-11-29 00:00:00' AND '2025-11-29 23:59:59' LIMIT 1 [ RunTime:0.000389s ]
[2025-11-29T13:58:35+08:00][sql] SELECT SUM(`amount`) AS think_sum FROM `pd_recharge` WHERE  `status` = 1  AND `create_time` BETWEEN '2025-11-29 00:00:00' AND '2025-11-29 23:59:59' LIMIT 1 [ RunTime:0.000355s ]
[2025-11-29T13:58:35+08:00][sql] SELECT COUNT(*) AS think_count FROM `pd_recharge` WHERE  `status` = 1  AND `create_time` BETWEEN '2025-11-29 00:00:00' AND '2025-11-29 23:59:59' LIMIT 1 [ RunTime:0.000311s ]
[2025-11-29T13:58:35+08:00][sql] SELECT SUM(`amount`) AS think_sum FROM `pd_withdraw` WHERE  `status` = 1  AND `create_time` BETWEEN '2025-11-29 00:00:00' AND '2025-11-29 23:59:59' LIMIT 1 [ RunTime:0.000299s ]
[2025-11-29T13:58:35+08:00][sql] SELECT COUNT(*) AS think_count FROM `pd_withdraw` WHERE  `status` = 1  AND `create_time` BETWEEN '2025-11-29 00:00:00' AND '2025-11-29 23:59:59' LIMIT 1 [ RunTime:0.000328s ]
[2025-11-29T13:58:35+08:00][sql] SELECT SUM(`amount`) AS think_sum FROM `pd_investment` WHERE  `create_time` BETWEEN '2025-11-29 00:00:00' AND '2025-11-29 23:59:59' LIMIT 1 [ RunTime:0.000334s ]
[2025-11-29T13:58:35+08:00][sql] SELECT COUNT(*) AS think_count FROM `pd_investment` WHERE  `create_time` BETWEEN '2025-11-29 00:00:00' AND '2025-11-29 23:59:59' LIMIT 1 [ RunTime:0.000291s ]
[2025-11-29T13:58:47+08:00][sql] CONNECT:[ UseTime:0.000745s ] mysql:host=127.0.0.1;port=3306;dbname=providence;charset=utf8mb4
[2025-11-29T13:58:47+08:00][sql] SHOW FULL COLUMNS FROM `pd_user` [ RunTime:0.002123s ]
[2025-11-29T13:58:47+08:00][sql] SELECT * FROM `pd_user` ORDER BY `id` DESC LIMIT 0,20 [ RunTime:0.000622s ]
[2025-11-29T13:58:47+08:00][sql] SELECT COUNT(*) AS think_count FROM `pd_user` LIMIT 1 [ RunTime:0.000545s ]
[2025-11-29T13:58:47+08:00][sql] SELECT `username` FROM `pd_user` WHERE  `id` = 5 LIMIT 1 [ RunTime:0.000416s ]
[2025-11-29T13:58:47+08:00][sql] SELECT COUNT(*) AS think_count FROM `pd_user` WHERE  `inviter_id` = 10 LIMIT 1 [ RunTime:0.000386s ]
[2025-11-29T13:58:47+08:00][sql] SHOW FULL COLUMNS FROM `pd_recharge` [ RunTime:0.002291s ]
[2025-11-29T13:58:47+08:00][sql] SELECT SUM(`amount`) AS think_sum FROM `pd_recharge` WHERE  `user_id` = 10  AND `status` = 1 LIMIT 1 [ RunTime:0.000721s ]
[2025-11-29T13:58:47+08:00][sql] SHOW FULL COLUMNS FROM `pd_withdraw` [ RunTime:0.001585s ]
[2025-11-29T13:58:47+08:00][sql] SELECT SUM(`amount`) AS think_sum FROM `pd_withdraw` WHERE  `user_id` = 10  AND `status` = 1 LIMIT 1 [ RunTime:0.000508s ]
[2025-11-29T13:58:47+08:00][sql] SELECT `username` FROM `pd_user` WHERE  `id` = 4 LIMIT 1 [ RunTime:0.000364s ]
[2025-11-29T13:58:47+08:00][sql] SELECT COUNT(*) AS think_count FROM `pd_user` WHERE  `inviter_id` = 9 LIMIT 1 [ RunTime:0.000407s ]
[2025-11-29T13:58:47+08:00][sql] SELECT SUM(`amount`) AS think_sum FROM `pd_recharge` WHERE  `user_id` = 9  AND `status` = 1 LIMIT 1 [ RunTime:0.000371s ]
[2025-11-29T13:58:47+08:00][sql] SELECT SUM(`amount`) AS think_sum FROM `pd_withdraw` WHERE  `user_id` = 9  AND `status` = 1 LIMIT 1 [ RunTime:0.000352s ]
[2025-11-29T13:58:47+08:00][sql] SELECT `username` FROM `pd_user` WHERE  `id` = 3 LIMIT 1 [ RunTime:0.000306s ]
[2025-11-29T13:58:47+08:00][sql] SELECT COUNT(*) AS think_count FROM `pd_user` WHERE  `inviter_id` = 8 LIMIT 1 [ RunTime:0.000412s ]
[2025-11-29T13:58:47+08:00][sql] SELECT SUM(`amount`) AS think_sum FROM `pd_recharge` WHERE  `user_id` = 8  AND `status` = 1 LIMIT 1 [ RunTime:0.000363s ]
[2025-11-29T13:58:47+08:00][sql] SELECT SUM(`amount`) AS think_sum FROM `pd_withdraw` WHERE  `user_id` = 8  AND `status` = 1 LIMIT 1 [ RunTime:0.000324s ]
[2025-11-29T13:58:47+08:00][sql] SELECT `username` FROM `pd_user` WHERE  `id` = 3 LIMIT 1 [ RunTime:0.000334s ]
[2025-11-29T13:58:47+08:00][sql] SELECT COUNT(*) AS think_count FROM `pd_user` WHERE  `inviter_id` = 7 LIMIT 1 [ RunTime:0.000303s ]
[2025-11-29T13:58:47+08:00][sql] SELECT SUM(`amount`) AS think_sum FROM `pd_recharge` WHERE  `user_id` = 7  AND `status` = 1 LIMIT 1 [ RunTime:0.000453s ]
[2025-11-29T13:58:47+08:00][sql] SELECT SUM(`amount`) AS think_sum FROM `pd_withdraw` WHERE  `user_id` = 7  AND `status` = 1 LIMIT 1 [ RunTime:0.000295s ]
[2025-11-29T13:58:47+08:00][sql] SELECT `username` FROM `pd_user` WHERE  `id` = 2 LIMIT 1 [ RunTime:0.000273s ]
[2025-11-29T13:58:47+08:00][sql] SELECT COUNT(*) AS think_count FROM `pd_user` WHERE  `inviter_id` = 6 LIMIT 1 [ RunTime:0.000280s ]
[2025-11-29T13:58:47+08:00][sql] SELECT SUM(`amount`) AS think_sum FROM `pd_recharge` WHERE  `user_id` = 6  AND `status` = 1 LIMIT 1 [ RunTime:0.000599s ]
[2025-11-29T13:58:47+08:00][sql] SELECT SUM(`amount`) AS think_sum FROM `pd_withdraw` WHERE  `user_id` = 6  AND `status` = 1 LIMIT 1 [ RunTime:0.000406s ]
[2025-11-29T13:58:47+08:00][sql] SELECT `username` FROM `pd_user` WHERE  `id` = 2 LIMIT 1 [ RunTime:0.000295s ]
[2025-11-29T13:58:47+08:00][sql] SELECT COUNT(*) AS think_count FROM `pd_user` WHERE  `inviter_id` = 5 LIMIT 1 [ RunTime:0.000273s ]
[2025-11-29T13:58:47+08:00][sql] SELECT SUM(`amount`) AS think_sum FROM `pd_recharge` WHERE  `user_id` = 5  AND `status` = 1 LIMIT 1 [ RunTime:0.000290s ]
[2025-11-29T13:58:47+08:00][sql] SELECT SUM(`amount`) AS think_sum FROM `pd_withdraw` WHERE  `user_id` = 5  AND `status` = 1 LIMIT 1 [ RunTime:0.000311s ]
[2025-11-29T13:58:47+08:00][sql] SELECT `username` FROM `pd_user` WHERE  `id` = 1 LIMIT 1 [ RunTime:0.000244s ]
[2025-11-29T13:58:47+08:00][sql] SELECT COUNT(*) AS think_count FROM `pd_user` WHERE  `inviter_id` = 4 LIMIT 1 [ RunTime:0.000278s ]
[2025-11-29T13:58:47+08:00][sql] SELECT SUM(`amount`) AS think_sum FROM `pd_recharge` WHERE  `user_id` = 4  AND `status` = 1 LIMIT 1 [ RunTime:0.000294s ]
[2025-11-29T13:58:47+08:00][sql] SELECT SUM(`amount`) AS think_sum FROM `pd_withdraw` WHERE  `user_id` = 4  AND `status` = 1 LIMIT 1 [ RunTime:0.000289s ]
[2025-11-29T13:58:47+08:00][sql] SELECT `username` FROM `pd_user` WHERE  `id` = 1 LIMIT 1 [ RunTime:0.000261s ]
[2025-11-29T13:58:47+08:00][sql] SELECT COUNT(*) AS think_count FROM `pd_user` WHERE  `inviter_id` = 3 LIMIT 1 [ RunTime:0.000307s ]
[2025-11-29T13:58:47+08:00][sql] SELECT SUM(`amount`) AS think_sum FROM `pd_recharge` WHERE  `user_id` = 3  AND `status` = 1 LIMIT 1 [ RunTime:0.000307s ]
[2025-11-29T13:58:47+08:00][sql] SELECT SUM(`amount`) AS think_sum FROM `pd_withdraw` WHERE  `user_id` = 3  AND `status` = 1 LIMIT 1 [ RunTime:0.000337s ]
[2025-11-29T13:58:47+08:00][sql] SELECT `username` FROM `pd_user` WHERE  `id` = 1 LIMIT 1 [ RunTime:0.000294s ]
[2025-11-29T13:58:47+08:00][sql] SELECT COUNT(*) AS think_count FROM `pd_user` WHERE  `inviter_id` = 2 LIMIT 1 [ RunTime:0.000517s ]
[2025-11-29T13:58:47+08:00][sql] SELECT SUM(`amount`) AS think_sum FROM `pd_recharge` WHERE  `user_id` = 2  AND `status` = 1 LIMIT 1 [ RunTime:0.000504s ]
[2025-11-29T13:58:47+08:00][sql] SELECT SUM(`amount`) AS think_sum FROM `pd_withdraw` WHERE  `user_id` = 2  AND `status` = 1 LIMIT 1 [ RunTime:0.000405s ]
[2025-11-29T13:58:47+08:00][sql] SELECT COUNT(*) AS think_count FROM `pd_user` WHERE  `inviter_id` = 1 LIMIT 1 [ RunTime:0.000361s ]
[2025-11-29T13:58:47+08:00][sql] SELECT SUM(`amount`) AS think_sum FROM `pd_recharge` WHERE  `user_id` = 1  AND `status` = 1 LIMIT 1 [ RunTime:0.000481s ]
[2025-11-29T13:58:47+08:00][sql] SELECT SUM(`amount`) AS think_sum FROM `pd_withdraw` WHERE  `user_id` = 1  AND `status` = 1 LIMIT 1 [ RunTime:0.000482s ]
[2025-11-29T13:59:22+08:00][sql] CONNECT:[ UseTime:0.000867s ] mysql:host=127.0.0.1;port=3306;dbname=providence;charset=utf8mb4
[2025-11-29T13:59:24+08:00][sql] CONNECT:[ UseTime:0.000954s ] mysql:host=127.0.0.1;port=3306;dbname=providence;charset=utf8mb4
[2025-11-29T13:59:24+08:00][sql] CONNECT:[ UseTime:0.000899s ] mysql:host=127.0.0.1;port=3306;dbname=providence;charset=utf8mb4
[2025-11-29T13:59:27+08:00][sql] CONNECT:[ UseTime:0.000776s ] mysql:host=127.0.0.1;port=3306;dbname=providence;charset=utf8mb4
[2025-11-29T13:59:27+08:00][sql] SHOW FULL COLUMNS FROM `pd_recharge` [ RunTime:0.001713s ]
[2025-11-29T13:59:27+08:00][sql] SELECT `r`.*,`u`.`username` FROM `pd_recharge` `r` INNER JOIN `pd_user` `u` ON `r`.`user_id`=`u`.`id` ORDER BY `r`.`id` DESC LIMIT 0,20 [ RunTime:0.000415s ]
[2025-11-29T13:59:27+08:00][sql] SELECT COUNT(*) AS think_count FROM `pd_recharge` `r` LIMIT 1 [ RunTime:0.000257s ]
[2025-11-29T13:59:28+08:00][sql] CONNECT:[ UseTime:0.000766s ] mysql:host=127.0.0.1;port=3306;dbname=providence;charset=utf8mb4
[2025-11-29T13:59:28+08:00][sql] SHOW FULL COLUMNS FROM `pd_withdraw` [ RunTime:0.001685s ]
[2025-11-29T13:59:28+08:00][sql] SELECT `w`.*,`u`.`username` FROM `pd_withdraw` `w` INNER JOIN `pd_user` `u` ON `w`.`user_id`=`u`.`id` ORDER BY `w`.`id` DESC LIMIT 0,20 [ RunTime:0.000491s ]
[2025-11-29T13:59:28+08:00][sql] SELECT COUNT(*) AS think_count FROM `pd_withdraw` `w` LIMIT 1 [ RunTime:0.000262s ]
[2025-11-29T13:59:30+08:00][sql] CONNECT:[ UseTime:0.001023s ] mysql:host=127.0.0.1;port=3306;dbname=providence;charset=utf8mb4
[2025-11-29T13:59:30+08:00][sql] SHOW FULL COLUMNS FROM `pd_project` [ RunTime:0.001898s ]
[2025-11-29T13:59:36+08:00][sql] CONNECT:[ UseTime:0.000629s ] mysql:host=127.0.0.1;port=3306;dbname=providence;charset=utf8mb4
[2025-11-29T13:59:36+08:00][sql] SHOW FULL COLUMNS FROM `pd_user` [ RunTime:0.001921s ]
[2025-11-29T13:59:36+08:00][sql] SELECT * FROM `pd_user` ORDER BY `id` DESC LIMIT 0,5 [ RunTime:0.000372s ]
[2025-11-29T13:59:36+08:00][sql] SELECT COUNT(*) AS think_count FROM `pd_user` LIMIT 1 [ RunTime:0.000172s ]
[2025-11-29T13:59:36+08:00][sql] SELECT `username` FROM `pd_user` WHERE  `id` = 5 LIMIT 1 [ RunTime:0.000172s ]
[2025-11-29T13:59:36+08:00][sql] SELECT COUNT(*) AS think_count FROM `pd_user` WHERE  `inviter_id` = 10 LIMIT 1 [ RunTime:0.000195s ]
[2025-11-29T13:59:36+08:00][sql] SHOW FULL COLUMNS FROM `pd_recharge` [ RunTime:0.001416s ]
[2025-11-29T13:59:36+08:00][sql] SELECT SUM(`amount`) AS think_sum FROM `pd_recharge` WHERE  `user_id` = 10  AND `status` = 1 LIMIT 1 [ RunTime:0.000377s ]
[2025-11-29T13:59:36+08:00][sql] SHOW FULL COLUMNS FROM `pd_withdraw` [ RunTime:0.001246s ]
[2025-11-29T13:59:36+08:00][sql] SELECT SUM(`amount`) AS think_sum FROM `pd_withdraw` WHERE  `user_id` = 10  AND `status` = 1 LIMIT 1 [ RunTime:0.001017s ]
[2025-11-29T13:59:36+08:00][sql] SELECT `username` FROM `pd_user` WHERE  `id` = 4 LIMIT 1 [ RunTime:0.000249s ]
[2025-11-29T13:59:36+08:00][sql] SELECT COUNT(*) AS think_count FROM `pd_user` WHERE  `inviter_id` = 9 LIMIT 1 [ RunTime:0.000282s ]
[2025-11-29T13:59:36+08:00][sql] SELECT SUM(`amount`) AS think_sum FROM `pd_recharge` WHERE  `user_id` = 9  AND `status` = 1 LIMIT 1 [ RunTime:0.000319s ]
[2025-11-29T13:59:36+08:00][sql] SELECT SUM(`amount`) AS think_sum FROM `pd_withdraw` WHERE  `user_id` = 9  AND `status` = 1 LIMIT 1 [ RunTime:0.000455s ]
[2025-11-29T13:59:36+08:00][sql] SELECT `username` FROM `pd_user` WHERE  `id` = 3 LIMIT 1 [ RunTime:0.000241s ]
[2025-11-29T13:59:36+08:00][sql] SELECT COUNT(*) AS think_count FROM `pd_user` WHERE  `inviter_id` = 8 LIMIT 1 [ RunTime:0.000247s ]
[2025-11-29T13:59:36+08:00][sql] SELECT SUM(`amount`) AS think_sum FROM `pd_recharge` WHERE  `user_id` = 8  AND `status` = 1 LIMIT 1 [ RunTime:0.000277s ]
[2025-11-29T13:59:36+08:00][sql] SELECT SUM(`amount`) AS think_sum FROM `pd_withdraw` WHERE  `user_id` = 8  AND `status` = 1 LIMIT 1 [ RunTime:0.000313s ]
[2025-11-29T13:59:36+08:00][sql] SELECT `username` FROM `pd_user` WHERE  `id` = 3 LIMIT 1 [ RunTime:0.000258s ]
[2025-11-29T13:59:36+08:00][sql] SELECT COUNT(*) AS think_count FROM `pd_user` WHERE  `inviter_id` = 7 LIMIT 1 [ RunTime:0.000262s ]
[2025-11-29T13:59:36+08:00][sql] SELECT SUM(`amount`) AS think_sum FROM `pd_recharge` WHERE  `user_id` = 7  AND `status` = 1 LIMIT 1 [ RunTime:0.000404s ]
[2025-11-29T13:59:36+08:00][sql] SELECT SUM(`amount`) AS think_sum FROM `pd_withdraw` WHERE  `user_id` = 7  AND `status` = 1 LIMIT 1 [ RunTime:0.000361s ]
[2025-11-29T13:59:36+08:00][sql] SELECT `username` FROM `pd_user` WHERE  `id` = 2 LIMIT 1 [ RunTime:0.000281s ]
[2025-11-29T13:59:36+08:00][sql] SELECT COUNT(*) AS think_count FROM `pd_user` WHERE  `inviter_id` = 6 LIMIT 1 [ RunTime:0.000302s ]
[2025-11-29T13:59:36+08:00][sql] SELECT SUM(`amount`) AS think_sum FROM `pd_recharge` WHERE  `user_id` = 6  AND `status` = 1 LIMIT 1 [ RunTime:0.000336s ]
[2025-11-29T13:59:36+08:00][sql] SELECT SUM(`amount`) AS think_sum FROM `pd_withdraw` WHERE  `user_id` = 6  AND `status` = 1 LIMIT 1 [ RunTime:0.000302s ]
[2025-11-29T14:00:31+08:00][sql] CONNECT:[ UseTime:0.000578s ] mysql:host=127.0.0.1;port=3306;dbname=providence;charset=utf8mb4
[2025-11-29T14:00:31+08:00][sql] SHOW FULL COLUMNS FROM `pd_recharge` [ RunTime:0.001536s ]
[2025-11-29T14:00:31+08:00][sql] SELECT `r`.`id`,`r`.`amount`,`r`.`create_time`,`u`.`username` FROM `pd_recharge` `r` INNER JOIN `pd_user` `u` ON `r`.`user_id`=`u`.`id` WHERE  `r`.`status` = '0' ORDER BY `r`.`id` DESC LIMIT 5 [ RunTime:0.000320s ]
[2025-11-29T14:00:31+08:00][sql] SHOW FULL COLUMNS FROM `pd_withdraw` [ RunTime:0.001115s ]
[2025-11-29T14:00:31+08:00][sql] SELECT `w`.`id`,`w`.`amount`,`w`.`create_time`,`u`.`username` FROM `pd_withdraw` `w` INNER JOIN `pd_user` `u` ON `w`.`user_id`=`u`.`id` WHERE  `w`.`status` = '0' ORDER BY `w`.`id` DESC LIMIT 5 [ RunTime:0.000319s ]
[2025-11-29T14:00:51+08:00][sql] CONNECT:[ UseTime:0.000701s ] mysql:host=127.0.0.1;port=3306;dbname=providence;charset=utf8mb4
[2025-11-29T14:00:51+08:00][sql] SHOW FULL COLUMNS FROM `pd_user` [ RunTime:0.002892s ]
[2025-11-29T14:00:51+08:00][sql] SELECT COUNT(*) AS think_count FROM `pd_user` LIMIT 1 [ RunTime:0.001146s ]
[2025-11-29T14:00:51+08:00][sql] SHOW FULL COLUMNS FROM `pd_recharge` [ RunTime:0.002915s ]
[2025-11-29T14:00:51+08:00][sql] SELECT SUM(`amount`) AS think_sum FROM `pd_recharge` WHERE  `create_time` BETWEEN '2025-11-29 00:00:00' AND '2025-11-29 23:59:59'  AND `status` = 1 LIMIT 1 [ RunTime:0.000609s ]
[2025-11-29T14:00:51+08:00][sql] SHOW FULL COLUMNS FROM `pd_withdraw` [ RunTime:0.001519s ]
[2025-11-29T14:00:51+08:00][sql] SELECT SUM(`amount`) AS think_sum FROM `pd_withdraw` WHERE  `create_time` BETWEEN '2025-11-29 00:00:00' AND '2025-11-29 23:59:59'  AND `status` = 1 LIMIT 1 [ RunTime:0.000810s ]
[2025-11-29T14:00:51+08:00][sql] SHOW FULL COLUMNS FROM `pd_project` [ RunTime:0.001840s ]
[2025-11-29T14:00:51+08:00][sql] SELECT COUNT(*) AS think_count FROM `pd_project` WHERE  `status` = 1 LIMIT 1 [ RunTime:0.001122s ]
[2025-11-29T14:00:51+08:00][sql] SELECT COUNT(*) AS think_count FROM `pd_user` WHERE  `create_time` BETWEEN '2025-11-29 00:00:00' AND '2025-11-29 23:59:59' LIMIT 1 [ RunTime:0.000418s ]
[2025-11-29T14:00:51+08:00][sql] SHOW FULL COLUMNS FROM `pd_investment` [ RunTime:0.001424s ]
[2025-11-29T14:00:51+08:00][sql] SELECT SUM(`amount`) AS think_sum FROM `pd_investment` WHERE  `status` = 1 LIMIT 1 [ RunTime:0.000410s ]
[2025-11-29T14:00:51+08:00][sql] SELECT COUNT(*) AS think_count FROM `pd_recharge` WHERE  `status` = 0 LIMIT 1 [ RunTime:0.001093s ]
[2025-11-29T14:00:51+08:00][sql] SELECT COUNT(*) AS think_count FROM `pd_withdraw` WHERE  `status` = 0 LIMIT 1 [ RunTime:0.000579s ]
[2025-11-29T14:00:51+08:00][sql] CONNECT:[ UseTime:0.000809s ] mysql:host=127.0.0.1;port=3306;dbname=providence;charset=utf8mb4
[2025-11-29T14:00:51+08:00][sql] SHOW FULL COLUMNS FROM `pd_user` [ RunTime:0.003373s ]
[2025-11-29T14:00:51+08:00][sql] SELECT * FROM `pd_user` ORDER BY `id` DESC LIMIT 0,10 [ RunTime:0.000643s ]
[2025-11-29T14:00:51+08:00][sql] SELECT COUNT(*) AS think_count FROM `pd_user` LIMIT 1 [ RunTime:0.000538s ]
[2025-11-29T14:00:51+08:00][sql] SELECT `username` FROM `pd_user` WHERE  `id` = 5 LIMIT 1 [ RunTime:0.000588s ]
[2025-11-29T14:00:51+08:00][sql] SELECT COUNT(*) AS think_count FROM `pd_user` WHERE  `inviter_id` = 10 LIMIT 1 [ RunTime:0.000393s ]
[2025-11-29T14:00:51+08:00][sql] SHOW FULL COLUMNS FROM `pd_recharge` [ RunTime:0.001467s ]
[2025-11-29T14:00:51+08:00][sql] SELECT SUM(`amount`) AS think_sum FROM `pd_recharge` WHERE  `user_id` = 10  AND `status` = 1 LIMIT 1 [ RunTime:0.000439s ]
[2025-11-29T14:00:51+08:00][sql] SHOW FULL COLUMNS FROM `pd_withdraw` [ RunTime:0.002082s ]
[2025-11-29T14:00:51+08:00][sql] SELECT SUM(`amount`) AS think_sum FROM `pd_withdraw` WHERE  `user_id` = 10  AND `status` = 1 LIMIT 1 [ RunTime:0.000512s ]
[2025-11-29T14:00:51+08:00][sql] SELECT `username` FROM `pd_user` WHERE  `id` = 4 LIMIT 1 [ RunTime:0.000245s ]
[2025-11-29T14:00:51+08:00][sql] SELECT COUNT(*) AS think_count FROM `pd_user` WHERE  `inviter_id` = 9 LIMIT 1 [ RunTime:0.000236s ]
[2025-11-29T14:00:51+08:00][sql] SELECT SUM(`amount`) AS think_sum FROM `pd_recharge` WHERE  `user_id` = 9  AND `status` = 1 LIMIT 1 [ RunTime:0.000288s ]
[2025-11-29T14:00:51+08:00][sql] SELECT SUM(`amount`) AS think_sum FROM `pd_withdraw` WHERE  `user_id` = 9  AND `status` = 1 LIMIT 1 [ RunTime:0.000283s ]
[2025-11-29T14:00:51+08:00][sql] SELECT `username` FROM `pd_user` WHERE  `id` = 3 LIMIT 1 [ RunTime:0.000260s ]
[2025-11-29T14:00:51+08:00][sql] SELECT COUNT(*) AS think_count FROM `pd_user` WHERE  `inviter_id` = 8 LIMIT 1 [ RunTime:0.000266s ]
[2025-11-29T14:00:51+08:00][sql] SELECT SUM(`amount`) AS think_sum FROM `pd_recharge` WHERE  `user_id` = 8  AND `status` = 1 LIMIT 1 [ RunTime:0.000293s ]
[2025-11-29T14:00:51+08:00][sql] SELECT SUM(`amount`) AS think_sum FROM `pd_withdraw` WHERE  `user_id` = 8  AND `status` = 1 LIMIT 1 [ RunTime:0.000258s ]
[2025-11-29T14:00:51+08:00][sql] SELECT `username` FROM `pd_user` WHERE  `id` = 3 LIMIT 1 [ RunTime:0.000231s ]
[2025-11-29T14:00:51+08:00][sql] SELECT COUNT(*) AS think_count FROM `pd_user` WHERE  `inviter_id` = 7 LIMIT 1 [ RunTime:0.000242s ]
[2025-11-29T14:00:51+08:00][sql] SELECT SUM(`amount`) AS think_sum FROM `pd_recharge` WHERE  `user_id` = 7  AND `status` = 1 LIMIT 1 [ RunTime:0.000235s ]
[2025-11-29T14:00:51+08:00][sql] SELECT SUM(`amount`) AS think_sum FROM `pd_withdraw` WHERE  `user_id` = 7  AND `status` = 1 LIMIT 1 [ RunTime:0.000230s ]
[2025-11-29T14:00:51+08:00][sql] SELECT `username` FROM `pd_user` WHERE  `id` = 2 LIMIT 1 [ RunTime:0.000252s ]
[2025-11-29T14:00:51+08:00][sql] SELECT COUNT(*) AS think_count FROM `pd_user` WHERE  `inviter_id` = 6 LIMIT 1 [ RunTime:0.000245s ]
[2025-11-29T14:00:51+08:00][sql] SELECT SUM(`amount`) AS think_sum FROM `pd_recharge` WHERE  `user_id` = 6  AND `status` = 1 LIMIT 1 [ RunTime:0.000239s ]
[2025-11-29T14:00:51+08:00][sql] SELECT SUM(`amount`) AS think_sum FROM `pd_withdraw` WHERE  `user_id` = 6  AND `status` = 1 LIMIT 1 [ RunTime:0.000285s ]
[2025-11-29T14:00:51+08:00][sql] SELECT `username` FROM `pd_user` WHERE  `id` = 2 LIMIT 1 [ RunTime:0.000504s ]
[2025-11-29T14:00:51+08:00][sql] SELECT COUNT(*) AS think_count FROM `pd_user` WHERE  `inviter_id` = 5 LIMIT 1 [ RunTime:0.000314s ]
[2025-11-29T14:00:51+08:00][sql] SELECT SUM(`amount`) AS think_sum FROM `pd_recharge` WHERE  `user_id` = 5  AND `status` = 1 LIMIT 1 [ RunTime:0.000297s ]
[2025-11-29T14:00:51+08:00][sql] SELECT SUM(`amount`) AS think_sum FROM `pd_withdraw` WHERE  `user_id` = 5  AND `status` = 1 LIMIT 1 [ RunTime:0.000371s ]
[2025-11-29T14:00:51+08:00][sql] SELECT `username` FROM `pd_user` WHERE  `id` = 1 LIMIT 1 [ RunTime:0.000431s ]
[2025-11-29T14:00:51+08:00][sql] SELECT COUNT(*) AS think_count FROM `pd_user` WHERE  `inviter_id` = 4 LIMIT 1 [ RunTime:0.000473s ]
[2025-11-29T14:00:51+08:00][sql] SELECT SUM(`amount`) AS think_sum FROM `pd_recharge` WHERE  `user_id` = 4  AND `status` = 1 LIMIT 1 [ RunTime:0.000444s ]
[2025-11-29T14:00:51+08:00][sql] SELECT SUM(`amount`) AS think_sum FROM `pd_withdraw` WHERE  `user_id` = 4  AND `status` = 1 LIMIT 1 [ RunTime:0.000351s ]
[2025-11-29T14:00:51+08:00][sql] SELECT `username` FROM `pd_user` WHERE  `id` = 1 LIMIT 1 [ RunTime:0.000262s ]
[2025-11-29T14:00:51+08:00][sql] SELECT COUNT(*) AS think_count FROM `pd_user` WHERE  `inviter_id` = 3 LIMIT 1 [ RunTime:0.000253s ]
[2025-11-29T14:00:51+08:00][sql] SELECT SUM(`amount`) AS think_sum FROM `pd_recharge` WHERE  `user_id` = 3  AND `status` = 1 LIMIT 1 [ RunTime:0.000255s ]
[2025-11-29T14:00:51+08:00][sql] SELECT SUM(`amount`) AS think_sum FROM `pd_withdraw` WHERE  `user_id` = 3  AND `status` = 1 LIMIT 1 [ RunTime:0.000247s ]
[2025-11-29T14:00:51+08:00][sql] SELECT `username` FROM `pd_user` WHERE  `id` = 1 LIMIT 1 [ RunTime:0.000296s ]
[2025-11-29T14:00:51+08:00][sql] SELECT COUNT(*) AS think_count FROM `pd_user` WHERE  `inviter_id` = 2 LIMIT 1 [ RunTime:0.000309s ]
[2025-11-29T14:00:51+08:00][sql] SELECT SUM(`amount`) AS think_sum FROM `pd_recharge` WHERE  `user_id` = 2  AND `status` = 1 LIMIT 1 [ RunTime:0.000279s ]
[2025-11-29T14:00:51+08:00][sql] SELECT SUM(`amount`) AS think_sum FROM `pd_withdraw` WHERE  `user_id` = 2  AND `status` = 1 LIMIT 1 [ RunTime:0.000262s ]
[2025-11-29T14:00:51+08:00][sql] SELECT COUNT(*) AS think_count FROM `pd_user` WHERE  `inviter_id` = 1 LIMIT 1 [ RunTime:0.000256s ]
[2025-11-29T14:00:51+08:00][sql] SELECT SUM(`amount`) AS think_sum FROM `pd_recharge` WHERE  `user_id` = 1  AND `status` = 1 LIMIT 1 [ RunTime:0.000279s ]
[2025-11-29T14:00:51+08:00][sql] SELECT SUM(`amount`) AS think_sum FROM `pd_withdraw` WHERE  `user_id` = 1  AND `status` = 1 LIMIT 1 [ RunTime:0.000254s ]
[2025-11-29T14:00:51+08:00][sql] CONNECT:[ UseTime:0.000602s ] mysql:host=127.0.0.1;port=3306;dbname=providence;charset=utf8mb4
[2025-11-29T14:00:51+08:00][sql] SHOW FULL COLUMNS FROM `pd_recharge` [ RunTime:0.001686s ]
[2025-11-29T14:00:51+08:00][sql] SELECT `r`.`id`,`r`.`amount`,`r`.`create_time`,`u`.`username` FROM `pd_recharge` `r` INNER JOIN `pd_user` `u` ON `r`.`user_id`=`u`.`id` WHERE  `r`.`status` = '0' ORDER BY `r`.`id` DESC LIMIT 5 [ RunTime:0.000565s ]
[2025-11-29T14:00:51+08:00][sql] SHOW FULL COLUMNS FROM `pd_withdraw` [ RunTime:0.001254s ]
[2025-11-29T14:00:51+08:00][sql] SELECT `w`.`id`,`w`.`amount`,`w`.`create_time`,`u`.`username` FROM `pd_withdraw` `w` INNER JOIN `pd_user` `u` ON `w`.`user_id`=`u`.`id` WHERE  `w`.`status` = '0' ORDER BY `w`.`id` DESC LIMIT 5 [ RunTime:0.000363s ]
[2025-11-29T14:00:56+08:00][sql] CONNECT:[ UseTime:0.000725s ] mysql:host=127.0.0.1;port=3306;dbname=providence;charset=utf8mb4
[2025-11-29T14:00:56+08:00][sql] SHOW FULL COLUMNS FROM `pd_project` [ RunTime:0.001966s ]
[2025-11-29T14:02:33+08:00][sql] CONNECT:[ UseTime:0.004676s ] mysql:host=127.0.0.1;port=3306;dbname=providence;charset=utf8mb4
[2025-11-29T14:02:33+08:00][sql] SHOW FULL COLUMNS FROM `pd_user` [ RunTime:0.016780s ]
[2025-11-29T14:02:33+08:00][sql] SELECT COUNT(*) AS think_count FROM `pd_user` LIMIT 1 [ RunTime:0.000899s ]
[2025-11-29T14:02:33+08:00][sql] SHOW FULL COLUMNS FROM `pd_recharge` [ RunTime:0.006939s ]
[2025-11-29T14:02:33+08:00][sql] SELECT SUM(`amount`) AS think_sum FROM `pd_recharge` WHERE  `create_time` BETWEEN '2025-11-29 00:00:00' AND '2025-11-29 23:59:59'  AND `status` = 1 LIMIT 1 [ RunTime:0.001068s ]
[2025-11-29T14:02:33+08:00][sql] SHOW FULL COLUMNS FROM `pd_withdraw` [ RunTime:0.001951s ]
[2025-11-29T14:02:33+08:00][sql] SELECT SUM(`amount`) AS think_sum FROM `pd_withdraw` WHERE  `create_time` BETWEEN '2025-11-29 00:00:00' AND '2025-11-29 23:59:59'  AND `status` = 1 LIMIT 1 [ RunTime:0.000559s ]
[2025-11-29T14:02:33+08:00][sql] SHOW FULL COLUMNS FROM `pd_project` [ RunTime:0.001772s ]
[2025-11-29T14:02:33+08:00][sql] SELECT COUNT(*) AS think_count FROM `pd_project` WHERE  `status` = 1 LIMIT 1 [ RunTime:0.000561s ]
[2025-11-29T14:02:33+08:00][sql] SELECT COUNT(*) AS think_count FROM `pd_user` WHERE  `create_time` BETWEEN '2025-11-29 00:00:00' AND '2025-11-29 23:59:59' LIMIT 1 [ RunTime:0.000355s ]
[2025-11-29T14:02:33+08:00][sql] SHOW FULL COLUMNS FROM `pd_investment` [ RunTime:0.001395s ]
[2025-11-29T14:02:33+08:00][sql] SELECT SUM(`amount`) AS think_sum FROM `pd_investment` WHERE  `status` = 1 LIMIT 1 [ RunTime:0.000372s ]
[2025-11-29T14:02:33+08:00][sql] SELECT COUNT(*) AS think_count FROM `pd_recharge` WHERE  `status` = 0 LIMIT 1 [ RunTime:0.000260s ]
[2025-11-29T14:02:33+08:00][sql] SELECT COUNT(*) AS think_count FROM `pd_withdraw` WHERE  `status` = 0 LIMIT 1 [ RunTime:0.000370s ]
[2025-11-29T14:02:33+08:00][sql] CONNECT:[ UseTime:0.001434s ] mysql:host=127.0.0.1;port=3306;dbname=providence;charset=utf8mb4
[2025-11-29T14:02:33+08:00][sql] SHOW FULL COLUMNS FROM `pd_recharge` [ RunTime:0.002778s ]
[2025-11-29T14:02:33+08:00][sql] SELECT `r`.`id`,`r`.`amount`,`r`.`create_time`,`u`.`username` FROM `pd_recharge` `r` INNER JOIN `pd_user` `u` ON `r`.`user_id`=`u`.`id` WHERE  `r`.`status` = '0' ORDER BY `r`.`id` DESC LIMIT 5 [ RunTime:0.001907s ]
[2025-11-29T14:02:33+08:00][sql] SHOW FULL COLUMNS FROM `pd_withdraw` [ RunTime:0.002882s ]
[2025-11-29T14:02:33+08:00][sql] SELECT `w`.`id`,`w`.`amount`,`w`.`create_time`,`u`.`username` FROM `pd_withdraw` `w` INNER JOIN `pd_user` `u` ON `w`.`user_id`=`u`.`id` WHERE  `w`.`status` = '0' ORDER BY `w`.`id` DESC LIMIT 5 [ RunTime:0.001477s ]
[2025-11-29T14:02:35+08:00][sql] CONNECT:[ UseTime:0.000730s ] mysql:host=127.0.0.1;port=3306;dbname=providence;charset=utf8mb4
[2025-11-29T14:02:35+08:00][sql] SHOW FULL COLUMNS FROM `pd_project` [ RunTime:0.001882s ]
[2025-11-29T14:02:38+08:00][sql] CONNECT:[ UseTime:0.000679s ] mysql:host=127.0.0.1;port=3306;dbname=providence;charset=utf8mb4
[2025-11-29T14:02:38+08:00][sql] SHOW FULL COLUMNS FROM `pd_user` [ RunTime:0.008270s ]
[2025-11-29T14:02:38+08:00][sql] SELECT COUNT(*) AS think_count FROM `pd_user` LIMIT 1 [ RunTime:0.003299s ]
[2025-11-29T14:02:38+08:00][sql] SHOW FULL COLUMNS FROM `pd_recharge` [ RunTime:0.010980s ]
[2025-11-29T14:02:38+08:00][sql] SELECT SUM(`amount`) AS think_sum FROM `pd_recharge` WHERE  `create_time` BETWEEN '2025-11-29 00:00:00' AND '2025-11-29 23:59:59'  AND `status` = 1 LIMIT 1 [ RunTime:0.002462s ]
[2025-11-29T14:02:38+08:00][sql] SHOW FULL COLUMNS FROM `pd_withdraw` [ RunTime:0.002585s ]
[2025-11-29T14:02:38+08:00][sql] SELECT SUM(`amount`) AS think_sum FROM `pd_withdraw` WHERE  `create_time` BETWEEN '2025-11-29 00:00:00' AND '2025-11-29 23:59:59'  AND `status` = 1 LIMIT 1 [ RunTime:0.000941s ]
[2025-11-29T14:02:38+08:00][sql] SHOW FULL COLUMNS FROM `pd_project` [ RunTime:0.002495s ]
[2025-11-29T14:02:38+08:00][sql] SELECT COUNT(*) AS think_count FROM `pd_project` WHERE  `status` = 1 LIMIT 1 [ RunTime:0.000962s ]
[2025-11-29T14:02:38+08:00][sql] SELECT COUNT(*) AS think_count FROM `pd_user` WHERE  `create_time` BETWEEN '2025-11-29 00:00:00' AND '2025-11-29 23:59:59' LIMIT 1 [ RunTime:0.000467s ]
[2025-11-29T14:02:38+08:00][sql] SHOW FULL COLUMNS FROM `pd_investment` [ RunTime:0.003465s ]
[2025-11-29T14:02:38+08:00][sql] SELECT SUM(`amount`) AS think_sum FROM `pd_investment` WHERE  `status` = 1 LIMIT 1 [ RunTime:0.000830s ]
[2025-11-29T14:02:38+08:00][sql] SELECT COUNT(*) AS think_count FROM `pd_recharge` WHERE  `status` = 0 LIMIT 1 [ RunTime:0.000410s ]
[2025-11-29T14:02:38+08:00][sql] SELECT COUNT(*) AS think_count FROM `pd_withdraw` WHERE  `status` = 0 LIMIT 1 [ RunTime:0.000378s ]
[2025-11-29T14:02:38+08:00][sql] CONNECT:[ UseTime:0.000924s ] mysql:host=127.0.0.1;port=3306;dbname=providence;charset=utf8mb4
[2025-11-29T14:02:38+08:00][sql] SHOW FULL COLUMNS FROM `pd_recharge` [ RunTime:0.001949s ]
[2025-11-29T14:02:38+08:00][sql] SELECT `r`.`id`,`r`.`amount`,`r`.`create_time`,`u`.`username` FROM `pd_recharge` `r` INNER JOIN `pd_user` `u` ON `r`.`user_id`=`u`.`id` WHERE  `r`.`status` = '0' ORDER BY `r`.`id` DESC LIMIT 5 [ RunTime:0.000755s ]
[2025-11-29T14:02:38+08:00][sql] SHOW FULL COLUMNS FROM `pd_withdraw` [ RunTime:0.001796s ]
[2025-11-29T14:02:38+08:00][sql] SELECT `w`.`id`,`w`.`amount`,`w`.`create_time`,`u`.`username` FROM `pd_withdraw` `w` INNER JOIN `pd_user` `u` ON `w`.`user_id`=`u`.`id` WHERE  `w`.`status` = '0' ORDER BY `w`.`id` DESC LIMIT 5 [ RunTime:0.000538s ]
[2025-11-29T14:04:04+08:00][sql] CONNECT:[ UseTime:0.000624s ] mysql:host=127.0.0.1;port=3306;dbname=providence;charset=utf8mb4
[2025-11-29T14:04:04+08:00][sql] SHOW FULL COLUMNS FROM `pd_user` [ RunTime:0.001748s ]
[2025-11-29T14:04:04+08:00][sql] SELECT COUNT(*) AS think_count FROM `pd_user` LIMIT 1 [ RunTime:0.000316s ]
[2025-11-29T14:04:04+08:00][sql] SHOW FULL COLUMNS FROM `pd_recharge` [ RunTime:0.001090s ]
[2025-11-29T14:04:04+08:00][sql] SELECT SUM(`amount`) AS think_sum FROM `pd_recharge` WHERE  `create_time` BETWEEN '2025-11-29 00:00:00' AND '2025-11-29 23:59:59'  AND `status` = 1 LIMIT 1 [ RunTime:0.000314s ]
[2025-11-29T14:04:04+08:00][sql] SHOW FULL COLUMNS FROM `pd_withdraw` [ RunTime:0.001221s ]
[2025-11-29T14:04:04+08:00][sql] SELECT SUM(`amount`) AS think_sum FROM `pd_withdraw` WHERE  `create_time` BETWEEN '2025-11-29 00:00:00' AND '2025-11-29 23:59:59'  AND `status` = 1 LIMIT 1 [ RunTime:0.000465s ]
[2025-11-29T14:04:04+08:00][sql] SHOW FULL COLUMNS FROM `pd_project` [ RunTime:0.001460s ]
[2025-11-29T14:04:04+08:00][sql] SELECT COUNT(*) AS think_count FROM `pd_project` WHERE  `status` = 1 LIMIT 1 [ RunTime:0.000383s ]
[2025-11-29T14:04:04+08:00][sql] SELECT COUNT(*) AS think_count FROM `pd_user` WHERE  `create_time` BETWEEN '2025-11-29 00:00:00' AND '2025-11-29 23:59:59' LIMIT 1 [ RunTime:0.000231s ]
[2025-11-29T14:04:04+08:00][sql] SHOW FULL COLUMNS FROM `pd_investment` [ RunTime:0.001352s ]
[2025-11-29T14:04:04+08:00][sql] SELECT SUM(`amount`) AS think_sum FROM `pd_investment` WHERE  `status` = 1 LIMIT 1 [ RunTime:0.000330s ]
[2025-11-29T14:04:04+08:00][sql] SELECT COUNT(*) AS think_count FROM `pd_recharge` WHERE  `status` = 0 LIMIT 1 [ RunTime:0.000210s ]
[2025-11-29T14:04:04+08:00][sql] SELECT COUNT(*) AS think_count FROM `pd_withdraw` WHERE  `status` = 0 LIMIT 1 [ RunTime:0.000194s ]
[2025-11-29T14:04:04+08:00][sql] SELECT SUM(`amount`) AS think_sum FROM `pd_investment` WHERE  `create_time` BETWEEN '2025-11-29 00:00:00' AND '2025-11-29 23:59:59' LIMIT 1 [ RunTime:0.000248s ]
[2025-11-29T14:04:04+08:00][sql] SELECT COUNT(*) AS think_count FROM `pd_user` WHERE  `last_login_time` BETWEEN '2025-11-29 00:00:00' AND '2025-11-29 23:59:59' LIMIT 1 [ RunTime:0.000208s ]
[2025-11-29T14:04:10+08:00][sql] CONNECT:[ UseTime:0.000730s ] mysql:host=127.0.0.1;port=3306;dbname=providence;charset=utf8mb4
[2025-11-29T14:04:10+08:00][sql] SHOW FULL COLUMNS FROM `pd_user` [ RunTime:0.002180s ]
[2025-11-29T14:04:10+08:00][sql] SELECT * FROM `pd_user` ORDER BY `id` DESC LIMIT 0,5 [ RunTime:0.000597s ]
[2025-11-29T14:04:10+08:00][sql] SHOW FULL COLUMNS FROM `pd_recharge` [ RunTime:0.001649s ]
[2025-11-29T14:04:10+08:00][sql] SELECT SUM(`amount`) AS think_sum FROM `pd_recharge` WHERE  `user_id` = 10  AND `status` = 1 LIMIT 1 [ RunTime:0.000541s ]
[2025-11-29T14:04:10+08:00][sql] SHOW FULL COLUMNS FROM `pd_withdraw` [ RunTime:0.001462s ]
[2025-11-29T14:04:10+08:00][sql] SELECT SUM(`amount`) AS think_sum FROM `pd_withdraw` WHERE  `user_id` = 10  AND `status` = 1 LIMIT 1 [ RunTime:0.000535s ]
[2025-11-29T14:04:10+08:00][sql] SELECT `username` FROM `pd_user` WHERE  `id` = 5 LIMIT 1 [ RunTime:0.000335s ]
[2025-11-29T14:04:10+08:00][sql] SELECT SUM(`amount`) AS think_sum FROM `pd_recharge` WHERE  `user_id` = 9  AND `status` = 1 LIMIT 1 [ RunTime:0.000377s ]
[2025-11-29T14:04:10+08:00][sql] SELECT SUM(`amount`) AS think_sum FROM `pd_withdraw` WHERE  `user_id` = 9  AND `status` = 1 LIMIT 1 [ RunTime:0.000335s ]
[2025-11-29T14:04:10+08:00][sql] SELECT `username` FROM `pd_user` WHERE  `id` = 4 LIMIT 1 [ RunTime:0.000283s ]
[2025-11-29T14:04:10+08:00][sql] SELECT SUM(`amount`) AS think_sum FROM `pd_recharge` WHERE  `user_id` = 8  AND `status` = 1 LIMIT 1 [ RunTime:0.000269s ]
[2025-11-29T14:04:10+08:00][sql] SELECT SUM(`amount`) AS think_sum FROM `pd_withdraw` WHERE  `user_id` = 8  AND `status` = 1 LIMIT 1 [ RunTime:0.000284s ]
[2025-11-29T14:04:10+08:00][sql] SELECT `username` FROM `pd_user` WHERE  `id` = 3 LIMIT 1 [ RunTime:0.000272s ]
[2025-11-29T14:04:10+08:00][sql] SELECT SUM(`amount`) AS think_sum FROM `pd_recharge` WHERE  `user_id` = 7  AND `status` = 1 LIMIT 1 [ RunTime:0.000307s ]
[2025-11-29T14:04:10+08:00][sql] SELECT SUM(`amount`) AS think_sum FROM `pd_withdraw` WHERE  `user_id` = 7  AND `status` = 1 LIMIT 1 [ RunTime:0.000446s ]
[2025-11-29T14:04:10+08:00][sql] SELECT `username` FROM `pd_user` WHERE  `id` = 3 LIMIT 1 [ RunTime:0.000336s ]
[2025-11-29T14:04:10+08:00][sql] SELECT SUM(`amount`) AS think_sum FROM `pd_recharge` WHERE  `user_id` = 6  AND `status` = 1 LIMIT 1 [ RunTime:0.000473s ]
[2025-11-29T14:04:10+08:00][sql] SELECT SUM(`amount`) AS think_sum FROM `pd_withdraw` WHERE  `user_id` = 6  AND `status` = 1 LIMIT 1 [ RunTime:0.000250s ]
[2025-11-29T14:04:10+08:00][sql] SELECT `username` FROM `pd_user` WHERE  `id` = 2 LIMIT 1 [ RunTime:0.000202s ]
[2025-11-29T14:04:10+08:00][sql] SELECT COUNT(*) AS think_count FROM `pd_user` LIMIT 1 [ RunTime:0.000200s ]
[2025-11-29T14:04:10+08:00][sql] SELECT `username` FROM `pd_user` WHERE  `id` = 5 LIMIT 1 [ RunTime:0.000174s ]
[2025-11-29T14:04:10+08:00][sql] SELECT COUNT(*) AS think_count FROM `pd_user` WHERE  `inviter_id` = 10 LIMIT 1 [ RunTime:0.000191s ]
[2025-11-29T14:04:10+08:00][sql] SELECT SUM(`amount`) AS think_sum FROM `pd_recharge` WHERE  `user_id` = 10  AND `status` = 1 LIMIT 1 [ RunTime:0.000220s ]
[2025-11-29T14:04:10+08:00][sql] SELECT SUM(`amount`) AS think_sum FROM `pd_withdraw` WHERE  `user_id` = 10  AND `status` = 1 LIMIT 1 [ RunTime:0.000216s ]
[2025-11-29T14:04:10+08:00][sql] SELECT `username` FROM `pd_user` WHERE  `id` = 4 LIMIT 1 [ RunTime:0.000283s ]
[2025-11-29T14:04:10+08:00][sql] SELECT COUNT(*) AS think_count FROM `pd_user` WHERE  `inviter_id` = 9 LIMIT 1 [ RunTime:0.000217s ]
[2025-11-29T14:04:10+08:00][sql] SELECT SUM(`amount`) AS think_sum FROM `pd_recharge` WHERE  `user_id` = 9  AND `status` = 1 LIMIT 1 [ RunTime:0.000278s ]
[2025-11-29T14:04:10+08:00][sql] SELECT SUM(`amount`) AS think_sum FROM `pd_withdraw` WHERE  `user_id` = 9  AND `status` = 1 LIMIT 1 [ RunTime:0.000536s ]
[2025-11-29T14:04:10+08:00][sql] SELECT `username` FROM `pd_user` WHERE  `id` = 3 LIMIT 1 [ RunTime:0.000293s ]
[2025-11-29T14:04:10+08:00][sql] SELECT COUNT(*) AS think_count FROM `pd_user` WHERE  `inviter_id` = 8 LIMIT 1 [ RunTime:0.000255s ]
[2025-11-29T14:04:10+08:00][sql] SELECT SUM(`amount`) AS think_sum FROM `pd_recharge` WHERE  `user_id` = 8  AND `status` = 1 LIMIT 1 [ RunTime:0.000299s ]
[2025-11-29T14:04:10+08:00][sql] SELECT SUM(`amount`) AS think_sum FROM `pd_withdraw` WHERE  `user_id` = 8  AND `status` = 1 LIMIT 1 [ RunTime:0.000350s ]
[2025-11-29T14:04:10+08:00][sql] SELECT `username` FROM `pd_user` WHERE  `id` = 3 LIMIT 1 [ RunTime:0.000284s ]
[2025-11-29T14:04:10+08:00][sql] SELECT COUNT(*) AS think_count FROM `pd_user` WHERE  `inviter_id` = 7 LIMIT 1 [ RunTime:0.000316s ]
[2025-11-29T14:04:10+08:00][sql] SELECT SUM(`amount`) AS think_sum FROM `pd_recharge` WHERE  `user_id` = 7  AND `status` = 1 LIMIT 1 [ RunTime:0.000532s ]
[2025-11-29T14:04:10+08:00][sql] SELECT SUM(`amount`) AS think_sum FROM `pd_withdraw` WHERE  `user_id` = 7  AND `status` = 1 LIMIT 1 [ RunTime:0.000355s ]
[2025-11-29T14:04:10+08:00][sql] SELECT `username` FROM `pd_user` WHERE  `id` = 2 LIMIT 1 [ RunTime:0.000306s ]
[2025-11-29T14:04:10+08:00][sql] SELECT COUNT(*) AS think_count FROM `pd_user` WHERE  `inviter_id` = 6 LIMIT 1 [ RunTime:0.000262s ]
[2025-11-29T14:04:10+08:00][sql] SELECT SUM(`amount`) AS think_sum FROM `pd_recharge` WHERE  `user_id` = 6  AND `status` = 1 LIMIT 1 [ RunTime:0.000280s ]
[2025-11-29T14:04:10+08:00][sql] SELECT SUM(`amount`) AS think_sum FROM `pd_withdraw` WHERE  `user_id` = 6  AND `status` = 1 LIMIT 1 [ RunTime:0.000310s ]
[2025-11-29T14:04:28+08:00][sql] CONNECT:[ UseTime:0.000817s ] mysql:host=127.0.0.1;port=3306;dbname=providence;charset=utf8mb4
[2025-11-29T14:04:28+08:00][sql] SHOW FULL COLUMNS FROM `pd_user` [ RunTime:0.002137s ]
[2025-11-29T14:04:28+08:00][sql] SELECT COUNT(*) AS think_count FROM `pd_user` LIMIT 1 [ RunTime:0.001041s ]
[2025-11-29T14:04:28+08:00][sql] SHOW FULL COLUMNS FROM `pd_recharge` [ RunTime:0.001548s ]
[2025-11-29T14:04:28+08:00][sql] SELECT SUM(`amount`) AS think_sum FROM `pd_recharge` WHERE  `create_time` BETWEEN '2025-11-29 00:00:00' AND '2025-11-29 23:59:59'  AND `status` = 1 LIMIT 1 [ RunTime:0.000691s ]
[2025-11-29T14:04:28+08:00][sql] SHOW FULL COLUMNS FROM `pd_withdraw` [ RunTime:0.002688s ]
[2025-11-29T14:04:28+08:00][sql] SELECT SUM(`amount`) AS think_sum FROM `pd_withdraw` WHERE  `create_time` BETWEEN '2025-11-29 00:00:00' AND '2025-11-29 23:59:59'  AND `status` = 1 LIMIT 1 [ RunTime:0.000898s ]
[2025-11-29T14:04:28+08:00][sql] SHOW FULL COLUMNS FROM `pd_project` [ RunTime:0.002862s ]
[2025-11-29T14:04:28+08:00][sql] SELECT COUNT(*) AS think_count FROM `pd_project` WHERE  `status` = 1 LIMIT 1 [ RunTime:0.015524s ]
[2025-11-29T14:04:28+08:00][sql] SELECT COUNT(*) AS think_count FROM `pd_user` WHERE  `create_time` BETWEEN '2025-11-29 00:00:00' AND '2025-11-29 23:59:59' LIMIT 1 [ RunTime:0.001445s ]
[2025-11-29T14:04:28+08:00][sql] SHOW FULL COLUMNS FROM `pd_investment` [ RunTime:0.004279s ]
[2025-11-29T14:04:28+08:00][sql] SELECT SUM(`amount`) AS think_sum FROM `pd_investment` WHERE  `status` = 1 LIMIT 1 [ RunTime:0.000697s ]
[2025-11-29T14:04:28+08:00][sql] SELECT COUNT(*) AS think_count FROM `pd_recharge` WHERE  `status` = 0 LIMIT 1 [ RunTime:0.001101s ]
[2025-11-29T14:04:28+08:00][sql] SELECT COUNT(*) AS think_count FROM `pd_withdraw` WHERE  `status` = 0 LIMIT 1 [ RunTime:0.003643s ]
[2025-11-29T14:04:28+08:00][sql] SELECT SUM(`amount`) AS think_sum FROM `pd_investment` WHERE  `create_time` BETWEEN '2025-11-29 00:00:00' AND '2025-11-29 23:59:59' LIMIT 1 [ RunTime:0.001391s ]
[2025-11-29T14:04:28+08:00][sql] SELECT COUNT(*) AS think_count FROM `pd_user` WHERE  `last_login_time` BETWEEN '2025-11-29 00:00:00' AND '2025-11-29 23:59:59' LIMIT 1 [ RunTime:0.000791s ]
[2025-11-29T14:04:28+08:00][sql] CONNECT:[ UseTime:0.000707s ] mysql:host=127.0.0.1;port=3306;dbname=providence;charset=utf8mb4
[2025-11-29T14:04:28+08:00][sql] SHOW FULL COLUMNS FROM `pd_recharge` [ RunTime:0.004565s ]
[2025-11-29T14:04:28+08:00][sql] SELECT `r`.`id`,`r`.`amount`,`r`.`create_time`,`u`.`username` FROM `pd_recharge` `r` INNER JOIN `pd_user` `u` ON `r`.`user_id`=`u`.`id` WHERE  `r`.`status` = '0' ORDER BY `r`.`id` DESC LIMIT 5 [ RunTime:0.000789s ]
[2025-11-29T14:04:28+08:00][sql] SHOW FULL COLUMNS FROM `pd_withdraw` [ RunTime:0.001730s ]
[2025-11-29T14:04:28+08:00][sql] SELECT `w`.`id`,`w`.`amount`,`w`.`create_time`,`u`.`username` FROM `pd_withdraw` `w` INNER JOIN `pd_user` `u` ON `w`.`user_id`=`u`.`id` WHERE  `w`.`status` = '0' ORDER BY `w`.`id` DESC LIMIT 5 [ RunTime:0.000656s ]
[2025-11-29T14:04:41+08:00][sql] CONNECT:[ UseTime:0.000628s ] mysql:host=127.0.0.1;port=3306;dbname=providence;charset=utf8mb4
[2025-11-29T14:04:41+08:00][sql] SHOW FULL COLUMNS FROM `pd_withdraw` [ RunTime:0.001513s ]
[2025-11-29T14:04:41+08:00][sql] SELECT `w`.*,`u`.`username` FROM `pd_withdraw` `w` INNER JOIN `pd_user` `u` ON `w`.`user_id`=`u`.`id` ORDER BY `w`.`id` DESC LIMIT 0,20 [ RunTime:0.000395s ]
[2025-11-29T14:04:41+08:00][sql] SELECT COUNT(*) AS think_count FROM `pd_withdraw` `w` LIMIT 1 [ RunTime:0.000237s ]
[2025-11-29T14:04:41+08:00][sql] CONNECT:[ UseTime:0.000577s ] mysql:host=127.0.0.1;port=3306;dbname=providence;charset=utf8mb4
[2025-11-29T14:04:41+08:00][sql] SHOW FULL COLUMNS FROM `pd_recharge` [ RunTime:0.001709s ]
[2025-11-29T14:04:41+08:00][sql] SELECT `r`.*,`u`.`username` FROM `pd_recharge` `r` INNER JOIN `pd_user` `u` ON `r`.`user_id`=`u`.`id` ORDER BY `r`.`id` DESC LIMIT 0,20 [ RunTime:0.000411s ]
[2025-11-29T14:04:41+08:00][sql] SELECT COUNT(*) AS think_count FROM `pd_recharge` `r` LIMIT 1 [ RunTime:0.000196s ]
[2025-11-29T14:04:43+08:00][sql] CONNECT:[ UseTime:0.000565s ] mysql:host=127.0.0.1;port=3306;dbname=providence;charset=utf8mb4
[2025-11-29T14:04:43+08:00][sql] SHOW FULL COLUMNS FROM `pd_recharge` [ RunTime:0.001614s ]
[2025-11-29T14:04:43+08:00][sql] SELECT SUM(`amount`) AS think_sum FROM `pd_recharge` WHERE  `status` = 1  AND `create_time` BETWEEN '2025-11-29 00:00:00' AND '2025-11-29 23:59:59'  LIMIT 1 [ RunTime:0.000447s ]
[2025-11-29T14:04:43+08:00][sql] SHOW FULL COLUMNS FROM `pd_user` [ RunTime:0.001577s ]
[2025-11-29T14:04:43+08:00][sql] SELECT COUNT(*) AS think_count FROM `pd_user` WHERE  `last_login_time` BETWEEN '2025-11-29 00:00:00' AND '2025-11-29 23:59:59'  LIMIT 1 [ RunTime:0.000733s ]
[2025-11-29T14:04:43+08:00][sql] SELECT COUNT(*) AS think_count FROM `pd_user` WHERE  `create_time` BETWEEN '2025-11-29 00:00:00' AND '2025-11-29 23:59:59'  LIMIT 1 [ RunTime:0.000911s ]
[2025-11-29T14:04:43+08:00][sql] SELECT COUNT(*) AS think_count FROM `pd_user` LIMIT 1 [ RunTime:0.000357s ]
[2025-11-29T14:04:43+08:00][sql] SHOW FULL COLUMNS FROM `pd_investment` [ RunTime:0.001572s ]
[2025-11-29T14:04:43+08:00][sql] SELECT COUNT(*) AS think_count FROM ( SELECT count(*) AS think_count FROM `pd_investment` GROUP BY `user_id` ) `_group_count_` LIMIT 1 [ RunTime:0.000475s ]
[2025-11-29T14:04:43+08:00][sql] SELECT SUM(`amount`) AS think_sum FROM `pd_recharge` WHERE  `status` = 1  AND `create_time` BETWEEN '2025-11-23 00:00:00' AND '2025-11-23 23:59:59' LIMIT 1 [ RunTime:0.000376s ]
[2025-11-29T14:04:43+08:00][sql] SELECT SUM(`amount`) AS think_sum FROM `pd_recharge` WHERE  `status` = 1  AND `create_time` BETWEEN '2025-11-24 00:00:00' AND '2025-11-24 23:59:59' LIMIT 1 [ RunTime:0.000290s ]
[2025-11-29T14:04:43+08:00][sql] SELECT SUM(`amount`) AS think_sum FROM `pd_recharge` WHERE  `status` = 1  AND `create_time` BETWEEN '2025-11-25 00:00:00' AND '2025-11-25 23:59:59' LIMIT 1 [ RunTime:0.000286s ]
[2025-11-29T14:04:43+08:00][sql] SELECT SUM(`amount`) AS think_sum FROM `pd_recharge` WHERE  `status` = 1  AND `create_time` BETWEEN '2025-11-26 00:00:00' AND '2025-11-26 23:59:59' LIMIT 1 [ RunTime:0.000291s ]
[2025-11-29T14:04:43+08:00][sql] SELECT SUM(`amount`) AS think_sum FROM `pd_recharge` WHERE  `status` = 1  AND `create_time` BETWEEN '2025-11-27 00:00:00' AND '2025-11-27 23:59:59' LIMIT 1 [ RunTime:0.000278s ]
[2025-11-29T14:04:43+08:00][sql] SELECT SUM(`amount`) AS think_sum FROM `pd_recharge` WHERE  `status` = 1  AND `create_time` BETWEEN '2025-11-28 00:00:00' AND '2025-11-28 23:59:59' LIMIT 1 [ RunTime:0.000272s ]
[2025-11-29T14:04:43+08:00][sql] SELECT SUM(`amount`) AS think_sum FROM `pd_recharge` WHERE  `status` = 1  AND `create_time` BETWEEN '2025-11-29 00:00:00' AND '2025-11-29 23:59:59' LIMIT 1 [ RunTime:0.000257s ]
[2025-11-29T14:04:43+08:00][sql] SELECT u.username, SUM(i.amount) as total_invest FROM `pd_investment` `i` INNER JOIN `pd_user` `u` ON `i`.`user_id`=`u`.`id` GROUP BY `i`.`user_id` ORDER BY `total_invest` DESC LIMIT 10 [ RunTime:0.000308s ]
[2025-11-29T14:04:43+08:00][sql] SHOW FULL COLUMNS FROM `pd_project` [ RunTime:0.001839s ]
[2025-11-29T14:04:43+08:00][sql] SELECT `name`,`total_amount` FROM `pd_project` ORDER BY `total_amount` DESC LIMIT 10 [ RunTime:0.000621s ]
[2025-11-29T14:04:43+08:00][sql] SELECT username as leader_name,
                        (SELECT COUNT(*) FROM pd_user WHERE inviter_id = pd_user.id) as member_count,
                        (SELECT SUM(amount) FROM pd_investment WHERE user_id IN (SELECT id FROM pd_user WHERE inviter_id = pd_user.id)) as total_performance FROM `pd_user` HAVING member_count > 0 ORDER BY `total_performance` DESC LIMIT 10 [ RunTime:0.001104s ]
[2025-11-29T14:04:43+08:00][sql] SELECT COUNT(*) AS think_count FROM `pd_user` WHERE  `create_time` BETWEEN '2025-11-23 00:00:00' AND '2025-11-23 23:59:59' LIMIT 1 [ RunTime:0.000300s ]
[2025-11-29T14:04:43+08:00][sql] SELECT COUNT(*) AS think_count FROM `pd_user` WHERE  `last_login_time` BETWEEN '2025-11-23 00:00:00' AND '2025-11-23 23:59:59' LIMIT 1 [ RunTime:0.000263s ]
[2025-11-29T14:04:43+08:00][sql] SELECT SUM(`amount`) AS think_sum FROM `pd_recharge` WHERE  `status` = 1  AND `create_time` BETWEEN '2025-11-23 00:00:00' AND '2025-11-23 23:59:59' LIMIT 1 [ RunTime:0.000348s ]
[2025-11-29T14:04:43+08:00][sql] SELECT COUNT(*) AS think_count FROM `pd_recharge` WHERE  `status` = 1  AND `create_time` BETWEEN '2025-11-23 00:00:00' AND '2025-11-23 23:59:59' LIMIT 1 [ RunTime:0.000309s ]
[2025-11-29T14:04:43+08:00][sql] SHOW FULL COLUMNS FROM `pd_withdraw` [ RunTime:0.001547s ]
[2025-11-29T14:04:43+08:00][sql] SELECT SUM(`amount`) AS think_sum FROM `pd_withdraw` WHERE  `status` = 1  AND `create_time` BETWEEN '2025-11-23 00:00:00' AND '2025-11-23 23:59:59' LIMIT 1 [ RunTime:0.000586s ]
[2025-11-29T14:04:43+08:00][sql] SELECT COUNT(*) AS think_count FROM `pd_withdraw` WHERE  `status` = 1  AND `create_time` BETWEEN '2025-11-23 00:00:00' AND '2025-11-23 23:59:59' LIMIT 1 [ RunTime:0.000361s ]
[2025-11-29T14:04:43+08:00][sql] SELECT SUM(`amount`) AS think_sum FROM `pd_investment` WHERE  `create_time` BETWEEN '2025-11-23 00:00:00' AND '2025-11-23 23:59:59' LIMIT 1 [ RunTime:0.000300s ]
[2025-11-29T14:04:43+08:00][sql] SELECT COUNT(*) AS think_count FROM `pd_investment` WHERE  `create_time` BETWEEN '2025-11-23 00:00:00' AND '2025-11-23 23:59:59' LIMIT 1 [ RunTime:0.000295s ]
[2025-11-29T14:04:43+08:00][sql] SELECT COUNT(*) AS think_count FROM `pd_user` WHERE  `create_time` BETWEEN '2025-11-24 00:00:00' AND '2025-11-24 23:59:59' LIMIT 1 [ RunTime:0.000298s ]
[2025-11-29T14:04:43+08:00][sql] SELECT COUNT(*) AS think_count FROM `pd_user` WHERE  `last_login_time` BETWEEN '2025-11-24 00:00:00' AND '2025-11-24 23:59:59' LIMIT 1 [ RunTime:0.000276s ]
[2025-11-29T14:04:43+08:00][sql] SELECT SUM(`amount`) AS think_sum FROM `pd_recharge` WHERE  `status` = 1  AND `create_time` BETWEEN '2025-11-24 00:00:00' AND '2025-11-24 23:59:59' LIMIT 1 [ RunTime:0.000316s ]
[2025-11-29T14:04:43+08:00][sql] SELECT COUNT(*) AS think_count FROM `pd_recharge` WHERE  `status` = 1  AND `create_time` BETWEEN '2025-11-24 00:00:00' AND '2025-11-24 23:59:59' LIMIT 1 [ RunTime:0.000387s ]
[2025-11-29T14:04:43+08:00][sql] SELECT SUM(`amount`) AS think_sum FROM `pd_withdraw` WHERE  `status` = 1  AND `create_time` BETWEEN '2025-11-24 00:00:00' AND '2025-11-24 23:59:59' LIMIT 1 [ RunTime:0.000376s ]
[2025-11-29T14:04:43+08:00][sql] SELECT COUNT(*) AS think_count FROM `pd_withdraw` WHERE  `status` = 1  AND `create_time` BETWEEN '2025-11-24 00:00:00' AND '2025-11-24 23:59:59' LIMIT 1 [ RunTime:0.000356s ]
[2025-11-29T14:04:43+08:00][sql] SELECT SUM(`amount`) AS think_sum FROM `pd_investment` WHERE  `create_time` BETWEEN '2025-11-24 00:00:00' AND '2025-11-24 23:59:59' LIMIT 1 [ RunTime:0.000319s ]
[2025-11-29T14:04:43+08:00][sql] SELECT COUNT(*) AS think_count FROM `pd_investment` WHERE  `create_time` BETWEEN '2025-11-24 00:00:00' AND '2025-11-24 23:59:59' LIMIT 1 [ RunTime:0.000311s ]
[2025-11-29T14:04:43+08:00][sql] SELECT COUNT(*) AS think_count FROM `pd_user` WHERE  `create_time` BETWEEN '2025-11-25 00:00:00' AND '2025-11-25 23:59:59' LIMIT 1 [ RunTime:0.000294s ]
[2025-11-29T14:04:43+08:00][sql] SELECT COUNT(*) AS think_count FROM `pd_user` WHERE  `last_login_time` BETWEEN '2025-11-25 00:00:00' AND '2025-11-25 23:59:59' LIMIT 1 [ RunTime:0.000289s ]
[2025-11-29T14:04:43+08:00][sql] SELECT SUM(`amount`) AS think_sum FROM `pd_recharge` WHERE  `status` = 1  AND `create_time` BETWEEN '2025-11-25 00:00:00' AND '2025-11-25 23:59:59' LIMIT 1 [ RunTime:0.000285s ]
[2025-11-29T14:04:43+08:00][sql] SELECT COUNT(*) AS think_count FROM `pd_recharge` WHERE  `status` = 1  AND `create_time` BETWEEN '2025-11-25 00:00:00' AND '2025-11-25 23:59:59' LIMIT 1 [ RunTime:0.000288s ]
[2025-11-29T14:04:43+08:00][sql] SELECT SUM(`amount`) AS think_sum FROM `pd_withdraw` WHERE  `status` = 1  AND `create_time` BETWEEN '2025-11-25 00:00:00' AND '2025-11-25 23:59:59' LIMIT 1 [ RunTime:0.000319s ]
[2025-11-29T14:04:43+08:00][sql] SELECT COUNT(*) AS think_count FROM `pd_withdraw` WHERE  `status` = 1  AND `create_time` BETWEEN '2025-11-25 00:00:00' AND '2025-11-25 23:59:59' LIMIT 1 [ RunTime:0.000344s ]
[2025-11-29T14:04:43+08:00][sql] SELECT SUM(`amount`) AS think_sum FROM `pd_investment` WHERE  `create_time` BETWEEN '2025-11-25 00:00:00' AND '2025-11-25 23:59:59' LIMIT 1 [ RunTime:0.000268s ]
[2025-11-29T14:04:43+08:00][sql] SELECT COUNT(*) AS think_count FROM `pd_investment` WHERE  `create_time` BETWEEN '2025-11-25 00:00:00' AND '2025-11-25 23:59:59' LIMIT 1 [ RunTime:0.000274s ]
[2025-11-29T14:04:43+08:00][sql] SELECT COUNT(*) AS think_count FROM `pd_user` WHERE  `create_time` BETWEEN '2025-11-26 00:00:00' AND '2025-11-26 23:59:59' LIMIT 1 [ RunTime:0.000323s ]
[2025-11-29T14:04:43+08:00][sql] SELECT COUNT(*) AS think_count FROM `pd_user` WHERE  `last_login_time` BETWEEN '2025-11-26 00:00:00' AND '2025-11-26 23:59:59' LIMIT 1 [ RunTime:0.000287s ]
[2025-11-29T14:04:43+08:00][sql] SELECT SUM(`amount`) AS think_sum FROM `pd_recharge` WHERE  `status` = 1  AND `create_time` BETWEEN '2025-11-26 00:00:00' AND '2025-11-26 23:59:59' LIMIT 1 [ RunTime:0.000329s ]
[2025-11-29T14:04:43+08:00][sql] SELECT COUNT(*) AS think_count FROM `pd_recharge` WHERE  `status` = 1  AND `create_time` BETWEEN '2025-11-26 00:00:00' AND '2025-11-26 23:59:59' LIMIT 1 [ RunTime:0.000309s ]
[2025-11-29T14:04:43+08:00][sql] SELECT SUM(`amount`) AS think_sum FROM `pd_withdraw` WHERE  `status` = 1  AND `create_time` BETWEEN '2025-11-26 00:00:00' AND '2025-11-26 23:59:59' LIMIT 1 [ RunTime:0.000340s ]
[2025-11-29T14:04:43+08:00][sql] SELECT COUNT(*) AS think_count FROM `pd_withdraw` WHERE  `status` = 1  AND `create_time` BETWEEN '2025-11-26 00:00:00' AND '2025-11-26 23:59:59' LIMIT 1 [ RunTime:0.000312s ]
[2025-11-29T14:04:43+08:00][sql] SELECT SUM(`amount`) AS think_sum FROM `pd_investment` WHERE  `create_time` BETWEEN '2025-11-26 00:00:00' AND '2025-11-26 23:59:59' LIMIT 1 [ RunTime:0.000293s ]
[2025-11-29T14:04:43+08:00][sql] SELECT COUNT(*) AS think_count FROM `pd_investment` WHERE  `create_time` BETWEEN '2025-11-26 00:00:00' AND '2025-11-26 23:59:59' LIMIT 1 [ RunTime:0.000280s ]
[2025-11-29T14:04:43+08:00][sql] SELECT COUNT(*) AS think_count FROM `pd_user` WHERE  `create_time` BETWEEN '2025-11-27 00:00:00' AND '2025-11-27 23:59:59' LIMIT 1 [ RunTime:0.000429s ]
[2025-11-29T14:04:43+08:00][sql] SELECT COUNT(*) AS think_count FROM `pd_user` WHERE  `last_login_time` BETWEEN '2025-11-27 00:00:00' AND '2025-11-27 23:59:59' LIMIT 1 [ RunTime:0.000407s ]
[2025-11-29T14:04:43+08:00][sql] SELECT SUM(`amount`) AS think_sum FROM `pd_recharge` WHERE  `status` = 1  AND `create_time` BETWEEN '2025-11-27 00:00:00' AND '2025-11-27 23:59:59' LIMIT 1 [ RunTime:0.000436s ]
[2025-11-29T14:04:43+08:00][sql] SELECT COUNT(*) AS think_count FROM `pd_recharge` WHERE  `status` = 1  AND `create_time` BETWEEN '2025-11-27 00:00:00' AND '2025-11-27 23:59:59' LIMIT 1 [ RunTime:0.000343s ]
[2025-11-29T14:04:43+08:00][sql] SELECT SUM(`amount`) AS think_sum FROM `pd_withdraw` WHERE  `status` = 1  AND `create_time` BETWEEN '2025-11-27 00:00:00' AND '2025-11-27 23:59:59' LIMIT 1 [ RunTime:0.000338s ]
[2025-11-29T14:04:43+08:00][sql] SELECT COUNT(*) AS think_count FROM `pd_withdraw` WHERE  `status` = 1  AND `create_time` BETWEEN '2025-11-27 00:00:00' AND '2025-11-27 23:59:59' LIMIT 1 [ RunTime:0.000304s ]
[2025-11-29T14:04:43+08:00][sql] SELECT SUM(`amount`) AS think_sum FROM `pd_investment` WHERE  `create_time` BETWEEN '2025-11-27 00:00:00' AND '2025-11-27 23:59:59' LIMIT 1 [ RunTime:0.000279s ]
[2025-11-29T14:04:43+08:00][sql] SELECT COUNT(*) AS think_count FROM `pd_investment` WHERE  `create_time` BETWEEN '2025-11-27 00:00:00' AND '2025-11-27 23:59:59' LIMIT 1 [ RunTime:0.000274s ]
[2025-11-29T14:04:43+08:00][sql] SELECT COUNT(*) AS think_count FROM `pd_user` WHERE  `create_time` BETWEEN '2025-11-28 00:00:00' AND '2025-11-28 23:59:59' LIMIT 1 [ RunTime:0.000280s ]
[2025-11-29T14:04:43+08:00][sql] SELECT COUNT(*) AS think_count FROM `pd_user` WHERE  `last_login_time` BETWEEN '2025-11-28 00:00:00' AND '2025-11-28 23:59:59' LIMIT 1 [ RunTime:0.000269s ]
[2025-11-29T14:04:43+08:00][sql] SELECT SUM(`amount`) AS think_sum FROM `pd_recharge` WHERE  `status` = 1  AND `create_time` BETWEEN '2025-11-28 00:00:00' AND '2025-11-28 23:59:59' LIMIT 1 [ RunTime:0.000361s ]
[2025-11-29T14:04:43+08:00][sql] SELECT COUNT(*) AS think_count FROM `pd_recharge` WHERE  `status` = 1  AND `create_time` BETWEEN '2025-11-28 00:00:00' AND '2025-11-28 23:59:59' LIMIT 1 [ RunTime:0.000363s ]
[2025-11-29T14:04:43+08:00][sql] SELECT SUM(`amount`) AS think_sum FROM `pd_withdraw` WHERE  `status` = 1  AND `create_time` BETWEEN '2025-11-28 00:00:00' AND '2025-11-28 23:59:59' LIMIT 1 [ RunTime:0.000396s ]
[2025-11-29T14:04:43+08:00][sql] SELECT COUNT(*) AS think_count FROM `pd_withdraw` WHERE  `status` = 1  AND `create_time` BETWEEN '2025-11-28 00:00:00' AND '2025-11-28 23:59:59' LIMIT 1 [ RunTime:0.000367s ]
[2025-11-29T14:04:43+08:00][sql] SELECT SUM(`amount`) AS think_sum FROM `pd_investment` WHERE  `create_time` BETWEEN '2025-11-28 00:00:00' AND '2025-11-28 23:59:59' LIMIT 1 [ RunTime:0.000324s ]
[2025-11-29T14:04:43+08:00][sql] SELECT COUNT(*) AS think_count FROM `pd_investment` WHERE  `create_time` BETWEEN '2025-11-28 00:00:00' AND '2025-11-28 23:59:59' LIMIT 1 [ RunTime:0.000314s ]
[2025-11-29T14:04:43+08:00][sql] SELECT COUNT(*) AS think_count FROM `pd_user` WHERE  `create_time` BETWEEN '2025-11-29 00:00:00' AND '2025-11-29 23:59:59' LIMIT 1 [ RunTime:0.000311s ]
[2025-11-29T14:04:43+08:00][sql] SELECT COUNT(*) AS think_count FROM `pd_user` WHERE  `last_login_time` BETWEEN '2025-11-29 00:00:00' AND '2025-11-29 23:59:59' LIMIT 1 [ RunTime:0.000275s ]
[2025-11-29T14:04:43+08:00][sql] SELECT SUM(`amount`) AS think_sum FROM `pd_recharge` WHERE  `status` = 1  AND `create_time` BETWEEN '2025-11-29 00:00:00' AND '2025-11-29 23:59:59' LIMIT 1 [ RunTime:0.000345s ]
[2025-11-29T14:04:43+08:00][sql] SELECT COUNT(*) AS think_count FROM `pd_recharge` WHERE  `status` = 1  AND `create_time` BETWEEN '2025-11-29 00:00:00' AND '2025-11-29 23:59:59' LIMIT 1 [ RunTime:0.000274s ]
[2025-11-29T14:04:43+08:00][sql] SELECT SUM(`amount`) AS think_sum FROM `pd_withdraw` WHERE  `status` = 1  AND `create_time` BETWEEN '2025-11-29 00:00:00' AND '2025-11-29 23:59:59' LIMIT 1 [ RunTime:0.000291s ]
[2025-11-29T14:04:43+08:00][sql] SELECT COUNT(*) AS think_count FROM `pd_withdraw` WHERE  `status` = 1  AND `create_time` BETWEEN '2025-11-29 00:00:00' AND '2025-11-29 23:59:59' LIMIT 1 [ RunTime:0.000319s ]
[2025-11-29T14:04:43+08:00][sql] SELECT SUM(`amount`) AS think_sum FROM `pd_investment` WHERE  `create_time` BETWEEN '2025-11-29 00:00:00' AND '2025-11-29 23:59:59' LIMIT 1 [ RunTime:0.000288s ]
[2025-11-29T14:04:43+08:00][sql] SELECT COUNT(*) AS think_count FROM `pd_investment` WHERE  `create_time` BETWEEN '2025-11-29 00:00:00' AND '2025-11-29 23:59:59' LIMIT 1 [ RunTime:0.000269s ]
[2025-11-29T14:04:51+08:00][sql] CONNECT:[ UseTime:0.000683s ] mysql:host=127.0.0.1;port=3306;dbname=providence;charset=utf8mb4
[2025-11-29T14:04:51+08:00][sql] SHOW FULL COLUMNS FROM `pd_user` [ RunTime:0.001756s ]
[2025-11-29T14:04:51+08:00][sql] SELECT COUNT(*) AS think_count FROM `pd_user` LIMIT 1 [ RunTime:0.000603s ]
[2025-11-29T14:04:51+08:00][sql] SHOW FULL COLUMNS FROM `pd_recharge` [ RunTime:0.001689s ]
[2025-11-29T14:04:51+08:00][sql] SELECT SUM(`amount`) AS think_sum FROM `pd_recharge` WHERE  `create_time` BETWEEN '2025-11-29 00:00:00' AND '2025-11-29 23:59:59'  AND `status` = 1 LIMIT 1 [ RunTime:0.000578s ]
[2025-11-29T14:04:51+08:00][sql] SHOW FULL COLUMNS FROM `pd_withdraw` [ RunTime:0.001499s ]
[2025-11-29T14:04:51+08:00][sql] SELECT SUM(`amount`) AS think_sum FROM `pd_withdraw` WHERE  `create_time` BETWEEN '2025-11-29 00:00:00' AND '2025-11-29 23:59:59'  AND `status` = 1 LIMIT 1 [ RunTime:0.000640s ]
[2025-11-29T14:04:51+08:00][sql] SHOW FULL COLUMNS FROM `pd_project` [ RunTime:0.002337s ]
[2025-11-29T14:04:51+08:00][sql] SELECT COUNT(*) AS think_count FROM `pd_project` WHERE  `status` = 1 LIMIT 1 [ RunTime:0.000477s ]
[2025-11-29T14:04:51+08:00][sql] SELECT COUNT(*) AS think_count FROM `pd_user` WHERE  `create_time` BETWEEN '2025-11-29 00:00:00' AND '2025-11-29 23:59:59' LIMIT 1 [ RunTime:0.000358s ]
[2025-11-29T14:04:51+08:00][sql] SHOW FULL COLUMNS FROM `pd_investment` [ RunTime:0.001442s ]
[2025-11-29T14:04:51+08:00][sql] SELECT SUM(`amount`) AS think_sum FROM `pd_investment` WHERE  `status` = 1 LIMIT 1 [ RunTime:0.000427s ]
[2025-11-29T14:04:51+08:00][sql] SELECT COUNT(*) AS think_count FROM `pd_recharge` WHERE  `status` = 0 LIMIT 1 [ RunTime:0.000320s ]
[2025-11-29T14:04:51+08:00][sql] SELECT COUNT(*) AS think_count FROM `pd_withdraw` WHERE  `status` = 0 LIMIT 1 [ RunTime:0.000278s ]
[2025-11-29T14:04:51+08:00][sql] SELECT SUM(`amount`) AS think_sum FROM `pd_investment` WHERE  `create_time` BETWEEN '2025-11-29 00:00:00' AND '2025-11-29 23:59:59' LIMIT 1 [ RunTime:0.000297s ]
[2025-11-29T14:04:51+08:00][sql] SELECT COUNT(*) AS think_count FROM `pd_user` WHERE  `last_login_time` BETWEEN '2025-11-29 00:00:00' AND '2025-11-29 23:59:59' LIMIT 1 [ RunTime:0.000288s ]
[2025-11-29T14:04:51+08:00][sql] CONNECT:[ UseTime:0.000655s ] mysql:host=127.0.0.1;port=3306;dbname=providence;charset=utf8mb4
[2025-11-29T14:04:51+08:00][sql] SHOW FULL COLUMNS FROM `pd_recharge` [ RunTime:0.001590s ]
[2025-11-29T14:04:51+08:00][sql] SELECT `r`.`id`,`r`.`amount`,`r`.`create_time`,`u`.`username` FROM `pd_recharge` `r` INNER JOIN `pd_user` `u` ON `r`.`user_id`=`u`.`id` WHERE  `r`.`status` = '0' ORDER BY `r`.`id` DESC LIMIT 5 [ RunTime:0.000443s ]
[2025-11-29T14:04:51+08:00][sql] SHOW FULL COLUMNS FROM `pd_withdraw` [ RunTime:0.001209s ]
[2025-11-29T14:04:51+08:00][sql] SELECT `w`.`id`,`w`.`amount`,`w`.`create_time`,`u`.`username` FROM `pd_withdraw` `w` INNER JOIN `pd_user` `u` ON `w`.`user_id`=`u`.`id` WHERE  `w`.`status` = '0' ORDER BY `w`.`id` DESC LIMIT 5 [ RunTime:0.000429s ]
[2025-11-29T14:04:53+08:00][sql] CONNECT:[ UseTime:0.016353s ] mysql:host=127.0.0.1;port=3306;dbname=providence;charset=utf8mb4
[2025-11-29T14:04:53+08:00][sql] SHOW FULL COLUMNS FROM `pd_user` [ RunTime:0.008480s ]
[2025-11-29T14:04:53+08:00][sql] SELECT COUNT(*) AS think_count FROM `pd_user` LIMIT 1 [ RunTime:0.009529s ]
[2025-11-29T14:04:53+08:00][sql] SHOW FULL COLUMNS FROM `pd_recharge` [ RunTime:0.034819s ]
[2025-11-29T14:04:53+08:00][sql] SELECT SUM(`amount`) AS think_sum FROM `pd_recharge` WHERE  `create_time` BETWEEN '2025-11-29 00:00:00' AND '2025-11-29 23:59:59'  AND `status` = 1 LIMIT 1 [ RunTime:0.001656s ]
[2025-11-29T14:04:53+08:00][sql] SHOW FULL COLUMNS FROM `pd_withdraw` [ RunTime:0.011311s ]
[2025-11-29T14:04:53+08:00][sql] SELECT SUM(`amount`) AS think_sum FROM `pd_withdraw` WHERE  `create_time` BETWEEN '2025-11-29 00:00:00' AND '2025-11-29 23:59:59'  AND `status` = 1 LIMIT 1 [ RunTime:0.003777s ]
[2025-11-29T14:04:53+08:00][sql] SHOW FULL COLUMNS FROM `pd_project` [ RunTime:0.003697s ]
[2025-11-29T14:04:53+08:00][sql] SELECT COUNT(*) AS think_count FROM `pd_project` WHERE  `status` = 1 LIMIT 1 [ RunTime:0.000673s ]
[2025-11-29T14:04:53+08:00][sql] SELECT COUNT(*) AS think_count FROM `pd_user` WHERE  `create_time` BETWEEN '2025-11-29 00:00:00' AND '2025-11-29 23:59:59' LIMIT 1 [ RunTime:0.001244s ]
[2025-11-29T14:04:53+08:00][sql] SHOW FULL COLUMNS FROM `pd_investment` [ RunTime:0.003503s ]
[2025-11-29T14:04:53+08:00][sql] SELECT SUM(`amount`) AS think_sum FROM `pd_investment` WHERE  `status` = 1 LIMIT 1 [ RunTime:0.003543s ]
[2025-11-29T14:04:53+08:00][sql] SELECT COUNT(*) AS think_count FROM `pd_recharge` WHERE  `status` = 0 LIMIT 1 [ RunTime:0.001167s ]
[2025-11-29T14:04:53+08:00][sql] SELECT COUNT(*) AS think_count FROM `pd_withdraw` WHERE  `status` = 0 LIMIT 1 [ RunTime:0.003199s ]
[2025-11-29T14:04:53+08:00][sql] SELECT SUM(`amount`) AS think_sum FROM `pd_investment` WHERE  `create_time` BETWEEN '2025-11-29 00:00:00' AND '2025-11-29 23:59:59' LIMIT 1 [ RunTime:0.001948s ]
[2025-11-29T14:04:53+08:00][sql] SELECT COUNT(*) AS think_count FROM `pd_user` WHERE  `last_login_time` BETWEEN '2025-11-29 00:00:00' AND '2025-11-29 23:59:59' LIMIT 1 [ RunTime:0.000352s ]
[2025-11-29T14:04:53+08:00][sql] CONNECT:[ UseTime:0.020347s ] mysql:host=127.0.0.1;port=3306;dbname=providence;charset=utf8mb4
[2025-11-29T14:04:53+08:00][sql] SHOW FULL COLUMNS FROM `pd_recharge` [ RunTime:0.002595s ]
[2025-11-29T14:04:53+08:00][sql] SELECT `r`.`id`,`r`.`amount`,`r`.`create_time`,`u`.`username` FROM `pd_recharge` `r` INNER JOIN `pd_user` `u` ON `r`.`user_id`=`u`.`id` WHERE  `r`.`status` = '0' ORDER BY `r`.`id` DESC LIMIT 5 [ RunTime:0.001945s ]
[2025-11-29T14:04:53+08:00][sql] SHOW FULL COLUMNS FROM `pd_withdraw` [ RunTime:0.002870s ]
[2025-11-29T14:04:53+08:00][sql] SELECT `w`.`id`,`w`.`amount`,`w`.`create_time`,`u`.`username` FROM `pd_withdraw` `w` INNER JOIN `pd_user` `u` ON `w`.`user_id`=`u`.`id` WHERE  `w`.`status` = '0' ORDER BY `w`.`id` DESC LIMIT 5 [ RunTime:0.000930s ]
[2025-11-29T14:05:32+08:00][sql] CONNECT:[ UseTime:0.002315s ] mysql:host=127.0.0.1;port=3306;dbname=providence;charset=utf8mb4
[2025-11-29T14:05:54+08:00][sql] CONNECT:[ UseTime:0.000646s ] mysql:host=127.0.0.1;port=3306;dbname=providence;charset=utf8mb4
[2025-11-29T14:06:05+08:00][sql] CONNECT:[ UseTime:0.000752s ] mysql:host=127.0.0.1;port=3306;dbname=providence;charset=utf8mb4
[2025-11-29T14:06:37+08:00][sql] CONNECT:[ UseTime:0.000583s ] mysql:host=127.0.0.1;port=3306;dbname=providence;charset=utf8mb4
[2025-11-29T14:06:37+08:00][sql] SHOW FULL COLUMNS FROM `pd_admins` [ RunTime:0.002201s ]
[2025-11-29T14:06:37+08:00][sql] SELECT * FROM `pd_admins` WHERE  `username` = 'admin'  AND `status` = 1 LIMIT 1 [ RunTime:0.001387s ]
[2025-11-29T14:06:37+08:00][sql] SHOW FULL COLUMNS FROM `pd_user` [ RunTime:0.002539s ]
[2025-11-29T14:06:37+08:00][sql] SELECT * FROM `pd_user` WHERE  `username` = 'admin' LIMIT 1 [ RunTime:0.001131s ]
[2025-11-29T14:06:52+08:00][sql] CONNECT:[ UseTime:0.000693s ] mysql:host=127.0.0.1;port=3306;dbname=providence;charset=utf8mb4
[2025-11-29T14:06:52+08:00][sql] SHOW FULL COLUMNS FROM `pd_admins` [ RunTime:0.002045s ]
[2025-11-29T14:06:52+08:00][sql] SELECT * FROM `pd_admins` WHERE  `username` = 'G138688'  AND `status` = 1 LIMIT 1 [ RunTime:0.000707s ]
[2025-11-29T14:06:52+08:00][sql] SHOW FULL COLUMNS FROM `pd_user` [ RunTime:0.002025s ]
[2025-11-29T14:06:52+08:00][sql] SELECT * FROM `pd_user` WHERE  `username` = 'G138688' LIMIT 1 [ RunTime:0.000557s ]
[2025-11-29T14:06:52+08:00][sql] UPDATE `pd_user`  SET `last_login_time` = '2025-11-29 14:06:52' , `update_time` = '2025-11-29 14:06:52.135759'  WHERE  `id` = 1 [ RunTime:0.002629s ]
[2025-11-29T14:07:13+08:00][sql] CONNECT:[ UseTime:0.000724s ] mysql:host=127.0.0.1;port=3306;dbname=providence;charset=utf8mb4
[2025-11-29T14:07:13+08:00][sql] SHOW FULL COLUMNS FROM `pd_admins` [ RunTime:0.001837s ]
[2025-11-29T14:07:13+08:00][sql] SELECT * FROM `pd_admins` WHERE  `username` = 'G138688'  AND `status` = 1 LIMIT 1 [ RunTime:0.000461s ]
[2025-11-29T14:07:13+08:00][sql] SHOW FULL COLUMNS FROM `pd_user` [ RunTime:0.001680s ]
[2025-11-29T14:07:13+08:00][sql] SELECT * FROM `pd_user` WHERE  `username` = 'G138688' LIMIT 1 [ RunTime:0.000438s ]
[2025-11-29T14:07:13+08:00][sql] UPDATE `pd_user`  SET `last_login_time` = '2025-11-29 14:07:13' , `update_time` = '2025-11-29 14:07:13.951977'  WHERE  `id` = 1 [ RunTime:0.001678s ]
[2025-11-29T14:07:30+08:00][sql] CONNECT:[ UseTime:0.000889s ] mysql:host=127.0.0.1;port=3306;dbname=providence;charset=utf8mb4
[2025-11-29T14:07:30+08:00][sql] SHOW FULL COLUMNS FROM `pd_admins` [ RunTime:0.002681s ]
[2025-11-29T14:07:30+08:00][sql] SELECT * FROM `pd_admins` WHERE  `username` = 'admin'  AND `status` = 1 LIMIT 1 [ RunTime:0.001150s ]
[2025-11-29T14:07:30+08:00][sql] UPDATE `pd_admins`  SET `last_login_time` = '2025-11-29 14:07:30' , `last_login_ip` = '::1'  WHERE  `id` = 1 [ RunTime:0.004355s ]
[2025-11-29T14:07:37+08:00][sql] CONNECT:[ UseTime:0.000671s ] mysql:host=127.0.0.1;port=3306;dbname=providence;charset=utf8mb4
[2025-11-29T14:07:37+08:00][sql] SHOW FULL COLUMNS FROM `pd_admins` [ RunTime:0.002477s ]
[2025-11-29T14:07:37+08:00][sql] SELECT * FROM `pd_admins` WHERE  `username` = 'G138688'  AND `status` = 1 LIMIT 1 [ RunTime:0.000557s ]
[2025-11-29T14:07:37+08:00][sql] SHOW FULL COLUMNS FROM `pd_user` [ RunTime:0.001739s ]
[2025-11-29T14:07:37+08:00][sql] SELECT * FROM `pd_user` WHERE  `username` = 'G138688' LIMIT 1 [ RunTime:0.000565s ]
[2025-11-29T14:07:37+08:00][sql] UPDATE `pd_user`  SET `last_login_time` = '2025-11-29 14:07:37' , `update_time` = '2025-11-29 14:07:37.582328'  WHERE  `id` = 1 [ RunTime:0.001587s ]
[2025-11-29T14:08:08+08:00][sql] CONNECT:[ UseTime:0.004690s ] mysql:host=127.0.0.1;port=3306;dbname=providence;charset=utf8mb4
[2025-11-29T14:08:08+08:00][sql] SHOW FULL COLUMNS FROM `pd_admins` [ RunTime:0.005831s ]
[2025-11-29T14:08:08+08:00][sql] SELECT * FROM `pd_admins` WHERE  `username` = 'G138688'  AND `status` = 1 LIMIT 1 [ RunTime:0.000818s ]
[2025-11-29T14:08:08+08:00][sql] SHOW FULL COLUMNS FROM `pd_user` [ RunTime:0.003218s ]
[2025-11-29T14:08:08+08:00][sql] SELECT * FROM `pd_user` WHERE  `username` = 'G138688' LIMIT 1 [ RunTime:0.001174s ]
[2025-11-29T14:08:08+08:00][sql] UPDATE `pd_user`  SET `last_login_time` = '2025-11-29 14:08:08' , `update_time` = '2025-11-29 14:08:08.377656'  WHERE  `id` = 1 [ RunTime:0.000686s ]
[2025-11-29T14:08:31+08:00][sql] CONNECT:[ UseTime:0.000817s ] mysql:host=127.0.0.1;port=3306;dbname=providence;charset=utf8mb4
[2025-11-29T14:08:31+08:00][sql] SHOW FULL COLUMNS FROM `pd_admins` [ RunTime:0.002391s ]
[2025-11-29T14:08:31+08:00][sql] SELECT * FROM `pd_admins` WHERE  `username` = 'admin'  AND `status` = 1 LIMIT 1 [ RunTime:0.001598s ]
[2025-11-29T14:08:31+08:00][sql] UPDATE `pd_admins`  SET `last_login_time` = '2025-11-29 14:08:31' , `last_login_ip` = '::1'  WHERE  `id` = 1 [ RunTime:0.001375s ]
[2025-11-29T14:08:48+08:00][sql] CONNECT:[ UseTime:0.001102s ] mysql:host=127.0.0.1;port=3306;dbname=providence;charset=utf8mb4
[2025-11-29T14:08:48+08:00][sql] SHOW FULL COLUMNS FROM `pd_admins` [ RunTime:0.001723s ]
[2025-11-29T14:08:48+08:00][sql] SELECT * FROM `pd_admins` WHERE  `username` = 'admin'  AND `status` = 1 LIMIT 1 [ RunTime:0.000560s ]
[2025-11-29T14:08:48+08:00][sql] UPDATE `pd_admins`  SET `last_login_time` = '2025-11-29 14:08:48' , `last_login_ip` = '::1'  WHERE  `id` = 1 [ RunTime:0.002141s ]
[2025-11-29T14:08:59+08:00][sql] CONNECT:[ UseTime:0.000667s ] mysql:host=127.0.0.1;port=3306;dbname=providence;charset=utf8mb4
[2025-11-29T14:08:59+08:00][sql] SHOW FULL COLUMNS FROM `pd_admins` [ RunTime:0.002720s ]
[2025-11-29T14:08:59+08:00][sql] SELECT * FROM `pd_admins` WHERE  `username` = 'G138688'  AND `status` = 1 LIMIT 1 [ RunTime:0.000836s ]
[2025-11-29T14:08:59+08:00][sql] SHOW FULL COLUMNS FROM `pd_user` [ RunTime:0.001718s ]
[2025-11-29T14:08:59+08:00][sql] SELECT * FROM `pd_user` WHERE  `username` = 'G138688' LIMIT 1 [ RunTime:0.000436s ]
[2025-11-29T14:08:59+08:00][sql] UPDATE `pd_user`  SET `last_login_time` = '2025-11-29 14:08:59' , `update_time` = '2025-11-29 14:08:59.792722'  WHERE  `id` = 1 [ RunTime:0.000913s ]
[2025-11-29T14:08:59+08:00][sql] CONNECT:[ UseTime:0.000774s ] mysql:host=127.0.0.1;port=3306;dbname=providence;charset=utf8mb4
[2025-11-29T14:08:59+08:00][sql] SHOW FULL COLUMNS FROM `pd_user` [ RunTime:0.002228s ]
[2025-11-29T14:08:59+08:00][sql] SELECT COUNT(*) AS think_count FROM `pd_user` LIMIT 1 [ RunTime:0.000563s ]
[2025-11-29T14:08:59+08:00][sql] SHOW FULL COLUMNS FROM `pd_recharge` [ RunTime:0.001675s ]
[2025-11-29T14:08:59+08:00][sql] SELECT SUM(`amount`) AS think_sum FROM `pd_recharge` WHERE  `create_time` BETWEEN '2025-11-29 00:00:00' AND '2025-11-29 23:59:59'  AND `status` = 1 LIMIT 1 [ RunTime:0.000816s ]
[2025-11-29T14:08:59+08:00][sql] SHOW FULL COLUMNS FROM `pd_withdraw` [ RunTime:0.001894s ]
[2025-11-29T14:08:59+08:00][sql] SELECT SUM(`amount`) AS think_sum FROM `pd_withdraw` WHERE  `create_time` BETWEEN '2025-11-29 00:00:00' AND '2025-11-29 23:59:59'  AND `status` = 1 LIMIT 1 [ RunTime:0.000588s ]
[2025-11-29T14:08:59+08:00][sql] SHOW FULL COLUMNS FROM `pd_project` [ RunTime:0.002266s ]
[2025-11-29T14:08:59+08:00][sql] SELECT COUNT(*) AS think_count FROM `pd_project` WHERE  `status` = 1 LIMIT 1 [ RunTime:0.000764s ]
[2025-11-29T14:08:59+08:00][sql] SELECT COUNT(*) AS think_count FROM `pd_user` WHERE  `create_time` BETWEEN '2025-11-29 00:00:00' AND '2025-11-29 23:59:59' LIMIT 1 [ RunTime:0.000323s ]
[2025-11-29T14:08:59+08:00][sql] SHOW FULL COLUMNS FROM `pd_investment` [ RunTime:0.001570s ]
[2025-11-29T14:08:59+08:00][sql] SELECT SUM(`amount`) AS think_sum FROM `pd_investment` WHERE  `status` = 1 LIMIT 1 [ RunTime:0.000858s ]
[2025-11-29T14:08:59+08:00][sql] SELECT COUNT(*) AS think_count FROM `pd_recharge` WHERE  `status` = 0 LIMIT 1 [ RunTime:0.000464s ]
[2025-11-29T14:08:59+08:00][sql] SELECT COUNT(*) AS think_count FROM `pd_withdraw` WHERE  `status` = 0 LIMIT 1 [ RunTime:0.000380s ]
[2025-11-29T14:08:59+08:00][sql] SELECT SUM(`amount`) AS think_sum FROM `pd_investment` WHERE  `create_time` BETWEEN '2025-11-29 00:00:00' AND '2025-11-29 23:59:59' LIMIT 1 [ RunTime:0.000403s ]
[2025-11-29T14:08:59+08:00][sql] SELECT COUNT(*) AS think_count FROM `pd_user` WHERE  `last_login_time` BETWEEN '2025-11-29 00:00:00' AND '2025-11-29 23:59:59' LIMIT 1 [ RunTime:0.000385s ]
[2025-11-29T14:08:59+08:00][sql] CONNECT:[ UseTime:0.000613s ] mysql:host=127.0.0.1;port=3306;dbname=providence;charset=utf8mb4
[2025-11-29T14:08:59+08:00][sql] SHOW FULL COLUMNS FROM `pd_recharge` [ RunTime:0.001913s ]
[2025-11-29T14:08:59+08:00][sql] SELECT `r`.`id`,`r`.`amount`,`r`.`create_time`,`u`.`username` FROM `pd_recharge` `r` INNER JOIN `pd_user` `u` ON `r`.`user_id`=`u`.`id` WHERE  `r`.`status` = '0' ORDER BY `r`.`id` DESC LIMIT 5 [ RunTime:0.000805s ]
[2025-11-29T14:08:59+08:00][sql] SHOW FULL COLUMNS FROM `pd_withdraw` [ RunTime:0.001714s ]
[2025-11-29T14:08:59+08:00][sql] SELECT `w`.`id`,`w`.`amount`,`w`.`create_time`,`u`.`username` FROM `pd_withdraw` `w` INNER JOIN `pd_user` `u` ON `w`.`user_id`=`u`.`id` WHERE  `w`.`status` = '0' ORDER BY `w`.`id` DESC LIMIT 5 [ RunTime:0.000623s ]
[2025-11-29T14:09:07+08:00][sql] CONNECT:[ UseTime:0.000735s ] mysql:host=127.0.0.1;port=3306;dbname=providence;charset=utf8mb4
[2025-11-29T14:09:07+08:00][sql] SHOW FULL COLUMNS FROM `pd_user` [ RunTime:0.002340s ]
[2025-11-29T14:09:07+08:00][sql] SELECT * FROM `pd_user` ORDER BY `id` DESC LIMIT 0,20 [ RunTime:0.000741s ]
[2025-11-29T14:09:07+08:00][sql] SHOW FULL COLUMNS FROM `pd_recharge` [ RunTime:0.002362s ]
[2025-11-29T14:09:07+08:00][sql] SELECT SUM(`amount`) AS think_sum FROM `pd_recharge` WHERE  `user_id` = 10  AND `status` = 1 LIMIT 1 [ RunTime:0.000895s ]
[2025-11-29T14:09:07+08:00][sql] SHOW FULL COLUMNS FROM `pd_withdraw` [ RunTime:0.001955s ]
[2025-11-29T14:09:07+08:00][sql] SELECT SUM(`amount`) AS think_sum FROM `pd_withdraw` WHERE  `user_id` = 10  AND `status` = 1 LIMIT 1 [ RunTime:0.000581s ]
[2025-11-29T14:09:07+08:00][sql] SELECT `username` FROM `pd_user` WHERE  `id` = 5 LIMIT 1 [ RunTime:0.000305s ]
[2025-11-29T14:09:07+08:00][sql] SELECT SUM(`amount`) AS think_sum FROM `pd_recharge` WHERE  `user_id` = 9  AND `status` = 1 LIMIT 1 [ RunTime:0.000303s ]
[2025-11-29T14:09:07+08:00][sql] SELECT SUM(`amount`) AS think_sum FROM `pd_withdraw` WHERE  `user_id` = 9  AND `status` = 1 LIMIT 1 [ RunTime:0.000283s ]
[2025-11-29T14:09:07+08:00][sql] SELECT `username` FROM `pd_user` WHERE  `id` = 4 LIMIT 1 [ RunTime:0.000365s ]
[2025-11-29T14:09:07+08:00][sql] SELECT SUM(`amount`) AS think_sum FROM `pd_recharge` WHERE  `user_id` = 8  AND `status` = 1 LIMIT 1 [ RunTime:0.000324s ]
[2025-11-29T14:09:07+08:00][sql] SELECT SUM(`amount`) AS think_sum FROM `pd_withdraw` WHERE  `user_id` = 8  AND `status` = 1 LIMIT 1 [ RunTime:0.000270s ]
[2025-11-29T14:09:07+08:00][sql] SELECT `username` FROM `pd_user` WHERE  `id` = 3 LIMIT 1 [ RunTime:0.000659s ]
[2025-11-29T14:09:07+08:00][sql] SELECT SUM(`amount`) AS think_sum FROM `pd_recharge` WHERE  `user_id` = 7  AND `status` = 1 LIMIT 1 [ RunTime:0.000526s ]
[2025-11-29T14:09:07+08:00][sql] SELECT SUM(`amount`) AS think_sum FROM `pd_withdraw` WHERE  `user_id` = 7  AND `status` = 1 LIMIT 1 [ RunTime:0.000324s ]
[2025-11-29T14:09:07+08:00][sql] SELECT `username` FROM `pd_user` WHERE  `id` = 3 LIMIT 1 [ RunTime:0.000262s ]
[2025-11-29T14:09:07+08:00][sql] SELECT SUM(`amount`) AS think_sum FROM `pd_recharge` WHERE  `user_id` = 6  AND `status` = 1 LIMIT 1 [ RunTime:0.000304s ]
[2025-11-29T14:09:07+08:00][sql] SELECT SUM(`amount`) AS think_sum FROM `pd_withdraw` WHERE  `user_id` = 6  AND `status` = 1 LIMIT 1 [ RunTime:0.000318s ]
[2025-11-29T14:09:07+08:00][sql] SELECT `username` FROM `pd_user` WHERE  `id` = 2 LIMIT 1 [ RunTime:0.000243s ]
[2025-11-29T14:09:07+08:00][sql] SELECT SUM(`amount`) AS think_sum FROM `pd_recharge` WHERE  `user_id` = 5  AND `status` = 1 LIMIT 1 [ RunTime:0.000310s ]
[2025-11-29T14:09:07+08:00][sql] SELECT SUM(`amount`) AS think_sum FROM `pd_withdraw` WHERE  `user_id` = 5  AND `status` = 1 LIMIT 1 [ RunTime:0.000288s ]
[2025-11-29T14:09:07+08:00][sql] SELECT `username` FROM `pd_user` WHERE  `id` = 2 LIMIT 1 [ RunTime:0.000338s ]
[2025-11-29T14:09:07+08:00][sql] SELECT SUM(`amount`) AS think_sum FROM `pd_recharge` WHERE  `user_id` = 4  AND `status` = 1 LIMIT 1 [ RunTime:0.000382s ]
[2025-11-29T14:09:07+08:00][sql] SELECT SUM(`amount`) AS think_sum FROM `pd_withdraw` WHERE  `user_id` = 4  AND `status` = 1 LIMIT 1 [ RunTime:0.000323s ]
[2025-11-29T14:09:07+08:00][sql] SELECT `username` FROM `pd_user` WHERE  `id` = 1 LIMIT 1 [ RunTime:0.000318s ]
[2025-11-29T14:09:07+08:00][sql] SELECT SUM(`amount`) AS think_sum FROM `pd_recharge` WHERE  `user_id` = 3  AND `status` = 1 LIMIT 1 [ RunTime:0.000279s ]
[2025-11-29T14:09:07+08:00][sql] SELECT SUM(`amount`) AS think_sum FROM `pd_withdraw` WHERE  `user_id` = 3  AND `status` = 1 LIMIT 1 [ RunTime:0.000272s ]
[2025-11-29T14:09:07+08:00][sql] SELECT `username` FROM `pd_user` WHERE  `id` = 1 LIMIT 1 [ RunTime:0.000230s ]
[2025-11-29T14:09:07+08:00][sql] SELECT SUM(`amount`) AS think_sum FROM `pd_recharge` WHERE  `user_id` = 2  AND `status` = 1 LIMIT 1 [ RunTime:0.000280s ]
[2025-11-29T14:09:07+08:00][sql] SELECT SUM(`amount`) AS think_sum FROM `pd_withdraw` WHERE  `user_id` = 2  AND `status` = 1 LIMIT 1 [ RunTime:0.000281s ]
[2025-11-29T14:09:07+08:00][sql] SELECT `username` FROM `pd_user` WHERE  `id` = 1 LIMIT 1 [ RunTime:0.000264s ]
[2025-11-29T14:09:07+08:00][sql] SELECT SUM(`amount`) AS think_sum FROM `pd_recharge` WHERE  `user_id` = 1  AND `status` = 1 LIMIT 1 [ RunTime:0.000321s ]
[2025-11-29T14:09:07+08:00][sql] SELECT SUM(`amount`) AS think_sum FROM `pd_withdraw` WHERE  `user_id` = 1  AND `status` = 1 LIMIT 1 [ RunTime:0.000278s ]
[2025-11-29T14:09:07+08:00][sql] SELECT COUNT(*) AS think_count FROM `pd_user` LIMIT 1 [ RunTime:0.000316s ]
[2025-11-29T14:09:07+08:00][sql] SELECT `username` FROM `pd_user` WHERE  `id` = 5 LIMIT 1 [ RunTime:0.000335s ]
[2025-11-29T14:09:07+08:00][sql] SELECT COUNT(*) AS think_count FROM `pd_user` WHERE  `inviter_id` = 10 LIMIT 1 [ RunTime:0.000354s ]
[2025-11-29T14:09:07+08:00][sql] SELECT SUM(`amount`) AS think_sum FROM `pd_recharge` WHERE  `user_id` = 10  AND `status` = 1 LIMIT 1 [ RunTime:0.000355s ]
[2025-11-29T14:09:07+08:00][sql] SELECT SUM(`amount`) AS think_sum FROM `pd_withdraw` WHERE  `user_id` = 10  AND `status` = 1 LIMIT 1 [ RunTime:0.000384s ]
[2025-11-29T14:09:07+08:00][sql] SELECT `username` FROM `pd_user` WHERE  `id` = 4 LIMIT 1 [ RunTime:0.000304s ]
[2025-11-29T14:09:07+08:00][sql] SELECT COUNT(*) AS think_count FROM `pd_user` WHERE  `inviter_id` = 9 LIMIT 1 [ RunTime:0.000652s ]
[2025-11-29T14:09:07+08:00][sql] SELECT SUM(`amount`) AS think_sum FROM `pd_recharge` WHERE  `user_id` = 9  AND `status` = 1 LIMIT 1 [ RunTime:0.000394s ]
[2025-11-29T14:09:07+08:00][sql] SELECT SUM(`amount`) AS think_sum FROM `pd_withdraw` WHERE  `user_id` = 9  AND `status` = 1 LIMIT 1 [ RunTime:0.000493s ]
[2025-11-29T14:09:07+08:00][sql] SELECT `username` FROM `pd_user` WHERE  `id` = 3 LIMIT 1 [ RunTime:0.000501s ]
[2025-11-29T14:09:07+08:00][sql] SELECT COUNT(*) AS think_count FROM `pd_user` WHERE  `inviter_id` = 8 LIMIT 1 [ RunTime:0.000475s ]
[2025-11-29T14:09:07+08:00][sql] SELECT SUM(`amount`) AS think_sum FROM `pd_recharge` WHERE  `user_id` = 8  AND `status` = 1 LIMIT 1 [ RunTime:0.000291s ]
[2025-11-29T14:09:07+08:00][sql] SELECT SUM(`amount`) AS think_sum FROM `pd_withdraw` WHERE  `user_id` = 8  AND `status` = 1 LIMIT 1 [ RunTime:0.000272s ]
[2025-11-29T14:09:07+08:00][sql] SELECT `username` FROM `pd_user` WHERE  `id` = 3 LIMIT 1 [ RunTime:0.000191s ]
[2025-11-29T14:09:07+08:00][sql] SELECT COUNT(*) AS think_count FROM `pd_user` WHERE  `inviter_id` = 7 LIMIT 1 [ RunTime:0.000191s ]
[2025-11-29T14:09:07+08:00][sql] SELECT SUM(`amount`) AS think_sum FROM `pd_recharge` WHERE  `user_id` = 7  AND `status` = 1 LIMIT 1 [ RunTime:0.000207s ]
[2025-11-29T14:09:07+08:00][sql] SELECT SUM(`amount`) AS think_sum FROM `pd_withdraw` WHERE  `user_id` = 7  AND `status` = 1 LIMIT 1 [ RunTime:0.000193s ]
[2025-11-29T14:09:07+08:00][sql] SELECT `username` FROM `pd_user` WHERE  `id` = 2 LIMIT 1 [ RunTime:0.000175s ]
[2025-11-29T14:09:07+08:00][sql] SELECT COUNT(*) AS think_count FROM `pd_user` WHERE  `inviter_id` = 6 LIMIT 1 [ RunTime:0.000203s ]
[2025-11-29T14:09:07+08:00][sql] SELECT SUM(`amount`) AS think_sum FROM `pd_recharge` WHERE  `user_id` = 6  AND `status` = 1 LIMIT 1 [ RunTime:0.000255s ]
[2025-11-29T14:09:07+08:00][sql] SELECT SUM(`amount`) AS think_sum FROM `pd_withdraw` WHERE  `user_id` = 6  AND `status` = 1 LIMIT 1 [ RunTime:0.000288s ]
[2025-11-29T14:09:07+08:00][sql] SELECT `username` FROM `pd_user` WHERE  `id` = 2 LIMIT 1 [ RunTime:0.000536s ]
[2025-11-29T14:09:07+08:00][sql] SELECT COUNT(*) AS think_count FROM `pd_user` WHERE  `inviter_id` = 5 LIMIT 1 [ RunTime:0.000310s ]
[2025-11-29T14:09:07+08:00][sql] SELECT SUM(`amount`) AS think_sum FROM `pd_recharge` WHERE  `user_id` = 5  AND `status` = 1 LIMIT 1 [ RunTime:0.000343s ]
[2025-11-29T14:09:07+08:00][sql] SELECT SUM(`amount`) AS think_sum FROM `pd_withdraw` WHERE  `user_id` = 5  AND `status` = 1 LIMIT 1 [ RunTime:0.000312s ]
[2025-11-29T14:09:07+08:00][sql] SELECT `username` FROM `pd_user` WHERE  `id` = 1 LIMIT 1 [ RunTime:0.000312s ]
[2025-11-29T14:09:07+08:00][sql] SELECT COUNT(*) AS think_count FROM `pd_user` WHERE  `inviter_id` = 4 LIMIT 1 [ RunTime:0.000313s ]
[2025-11-29T14:09:07+08:00][sql] SELECT SUM(`amount`) AS think_sum FROM `pd_recharge` WHERE  `user_id` = 4  AND `status` = 1 LIMIT 1 [ RunTime:0.000319s ]
[2025-11-29T14:09:07+08:00][sql] SELECT SUM(`amount`) AS think_sum FROM `pd_withdraw` WHERE  `user_id` = 4  AND `status` = 1 LIMIT 1 [ RunTime:0.000333s ]
[2025-11-29T14:09:07+08:00][sql] SELECT `username` FROM `pd_user` WHERE  `id` = 1 LIMIT 1 [ RunTime:0.000277s ]
[2025-11-29T14:09:07+08:00][sql] SELECT COUNT(*) AS think_count FROM `pd_user` WHERE  `inviter_id` = 3 LIMIT 1 [ RunTime:0.000295s ]
[2025-11-29T14:09:07+08:00][sql] SELECT SUM(`amount`) AS think_sum FROM `pd_recharge` WHERE  `user_id` = 3  AND `status` = 1 LIMIT 1 [ RunTime:0.000280s ]
[2025-11-29T14:09:07+08:00][sql] SELECT SUM(`amount`) AS think_sum FROM `pd_withdraw` WHERE  `user_id` = 3  AND `status` = 1 LIMIT 1 [ RunTime:0.000261s ]
[2025-11-29T14:09:07+08:00][sql] SELECT `username` FROM `pd_user` WHERE  `id` = 1 LIMIT 1 [ RunTime:0.000325s ]
[2025-11-29T14:09:07+08:00][sql] SELECT COUNT(*) AS think_count FROM `pd_user` WHERE  `inviter_id` = 2 LIMIT 1 [ RunTime:0.001090s ]
[2025-11-29T14:09:07+08:00][sql] SELECT SUM(`amount`) AS think_sum FROM `pd_recharge` WHERE  `user_id` = 2  AND `status` = 1 LIMIT 1 [ RunTime:0.000412s ]
[2025-11-29T14:09:07+08:00][sql] SELECT SUM(`amount`) AS think_sum FROM `pd_withdraw` WHERE  `user_id` = 2  AND `status` = 1 LIMIT 1 [ RunTime:0.000276s ]
[2025-11-29T14:09:07+08:00][sql] SELECT COUNT(*) AS think_count FROM `pd_user` WHERE  `inviter_id` = 1 LIMIT 1 [ RunTime:0.000272s ]
[2025-11-29T14:09:07+08:00][sql] SELECT SUM(`amount`) AS think_sum FROM `pd_recharge` WHERE  `user_id` = 1  AND `status` = 1 LIMIT 1 [ RunTime:0.000264s ]
[2025-11-29T14:09:07+08:00][sql] SELECT SUM(`amount`) AS think_sum FROM `pd_withdraw` WHERE  `user_id` = 1  AND `status` = 1 LIMIT 1 [ RunTime:0.000261s ]
[2025-11-29T14:09:10+08:00][sql] CONNECT:[ UseTime:0.001051s ] mysql:host=127.0.0.1;port=3306;dbname=providence;charset=utf8mb4
[2025-11-29T14:09:10+08:00][sql] SHOW FULL COLUMNS FROM `pd_user` [ RunTime:0.008537s ]
[2025-11-29T14:09:10+08:00][sql] SELECT COUNT(*) AS think_count FROM `pd_user` LIMIT 1 [ RunTime:0.001243s ]
[2025-11-29T14:09:10+08:00][sql] SHOW FULL COLUMNS FROM `pd_recharge` [ RunTime:0.002195s ]
[2025-11-29T14:09:10+08:00][sql] SELECT SUM(`amount`) AS think_sum FROM `pd_recharge` WHERE  `create_time` BETWEEN '2025-11-29 00:00:00' AND '2025-11-29 23:59:59'  AND `status` = 1 LIMIT 1 [ RunTime:0.000662s ]
[2025-11-29T14:09:10+08:00][sql] SHOW FULL COLUMNS FROM `pd_withdraw` [ RunTime:0.001874s ]
[2025-11-29T14:09:10+08:00][sql] SELECT SUM(`amount`) AS think_sum FROM `pd_withdraw` WHERE  `create_time` BETWEEN '2025-11-29 00:00:00' AND '2025-11-29 23:59:59'  AND `status` = 1 LIMIT 1 [ RunTime:0.001151s ]
[2025-11-29T14:09:10+08:00][sql] SHOW FULL COLUMNS FROM `pd_project` [ RunTime:0.001751s ]
[2025-11-29T14:09:10+08:00][sql] SELECT COUNT(*) AS think_count FROM `pd_project` WHERE  `status` = 1 LIMIT 1 [ RunTime:0.000657s ]
[2025-11-29T14:09:10+08:00][sql] SELECT COUNT(*) AS think_count FROM `pd_user` WHERE  `create_time` BETWEEN '2025-11-29 00:00:00' AND '2025-11-29 23:59:59' LIMIT 1 [ RunTime:0.000517s ]
[2025-11-29T14:09:10+08:00][sql] SHOW FULL COLUMNS FROM `pd_investment` [ RunTime:0.001437s ]
[2025-11-29T14:09:10+08:00][sql] SELECT SUM(`amount`) AS think_sum FROM `pd_investment` WHERE  `status` = 1 LIMIT 1 [ RunTime:0.000409s ]
[2025-11-29T14:09:10+08:00][sql] SELECT COUNT(*) AS think_count FROM `pd_recharge` WHERE  `status` = 0 LIMIT 1 [ RunTime:0.000299s ]
[2025-11-29T14:09:10+08:00][sql] SELECT COUNT(*) AS think_count FROM `pd_withdraw` WHERE  `status` = 0 LIMIT 1 [ RunTime:0.000306s ]
[2025-11-29T14:09:10+08:00][sql] SELECT SUM(`amount`) AS think_sum FROM `pd_investment` WHERE  `create_time` BETWEEN '2025-11-29 00:00:00' AND '2025-11-29 23:59:59' LIMIT 1 [ RunTime:0.000472s ]
[2025-11-29T14:09:10+08:00][sql] SELECT COUNT(*) AS think_count FROM `pd_user` WHERE  `last_login_time` BETWEEN '2025-11-29 00:00:00' AND '2025-11-29 23:59:59' LIMIT 1 [ RunTime:0.000305s ]
[2025-11-29T14:09:10+08:00][sql] CONNECT:[ UseTime:0.000633s ] mysql:host=127.0.0.1;port=3306;dbname=providence;charset=utf8mb4
[2025-11-29T14:09:10+08:00][sql] SHOW FULL COLUMNS FROM `pd_recharge` [ RunTime:0.001970s ]
[2025-11-29T14:09:10+08:00][sql] SELECT `r`.`id`,`r`.`amount`,`r`.`create_time`,`u`.`username` FROM `pd_recharge` `r` INNER JOIN `pd_user` `u` ON `r`.`user_id`=`u`.`id` WHERE  `r`.`status` = '0' ORDER BY `r`.`id` DESC LIMIT 5 [ RunTime:0.000710s ]
[2025-11-29T14:09:10+08:00][sql] SHOW FULL COLUMNS FROM `pd_withdraw` [ RunTime:0.001448s ]
[2025-11-29T14:09:10+08:00][sql] SELECT `w`.`id`,`w`.`amount`,`w`.`create_time`,`u`.`username` FROM `pd_withdraw` `w` INNER JOIN `pd_user` `u` ON `w`.`user_id`=`u`.`id` WHERE  `w`.`status` = '0' ORDER BY `w`.`id` DESC LIMIT 5 [ RunTime:0.000327s ]
[2025-11-29T14:09:11+08:00][sql] CONNECT:[ UseTime:0.000835s ] mysql:host=127.0.0.1;port=3306;dbname=providence;charset=utf8mb4
[2025-11-29T14:09:14+08:00][sql] CONNECT:[ UseTime:0.000786s ] mysql:host=127.0.0.1;port=3306;dbname=providence;charset=utf8mb4
[2025-11-29T14:09:14+08:00][sql] SHOW FULL COLUMNS FROM `pd_user` [ RunTime:0.002439s ]
[2025-11-29T14:09:14+08:00][sql] SELECT * FROM `pd_user` ORDER BY `id` DESC LIMIT 0,20 [ RunTime:0.000538s ]
[2025-11-29T14:09:14+08:00][sql] SHOW FULL COLUMNS FROM `pd_recharge` [ RunTime:0.001615s ]
[2025-11-29T14:09:14+08:00][sql] SELECT SUM(`amount`) AS think_sum FROM `pd_recharge` WHERE  `user_id` = 10  AND `status` = 1 LIMIT 1 [ RunTime:0.000592s ]
[2025-11-29T14:09:14+08:00][sql] SHOW FULL COLUMNS FROM `pd_withdraw` [ RunTime:0.001223s ]
[2025-11-29T14:09:14+08:00][sql] SELECT SUM(`amount`) AS think_sum FROM `pd_withdraw` WHERE  `user_id` = 10  AND `status` = 1 LIMIT 1 [ RunTime:0.000485s ]
[2025-11-29T14:09:14+08:00][sql] SELECT `username` FROM `pd_user` WHERE  `id` = 5 LIMIT 1 [ RunTime:0.000322s ]
[2025-11-29T14:09:14+08:00][sql] SELECT SUM(`amount`) AS think_sum FROM `pd_recharge` WHERE  `user_id` = 9  AND `status` = 1 LIMIT 1 [ RunTime:0.000315s ]
[2025-11-29T14:09:14+08:00][sql] SELECT SUM(`amount`) AS think_sum FROM `pd_withdraw` WHERE  `user_id` = 9  AND `status` = 1 LIMIT 1 [ RunTime:0.000295s ]
[2025-11-29T14:09:14+08:00][sql] SELECT `username` FROM `pd_user` WHERE  `id` = 4 LIMIT 1 [ RunTime:0.000674s ]
[2025-11-29T14:09:14+08:00][sql] SELECT SUM(`amount`) AS think_sum FROM `pd_recharge` WHERE  `user_id` = 8  AND `status` = 1 LIMIT 1 [ RunTime:0.000438s ]
[2025-11-29T14:09:14+08:00][sql] SELECT SUM(`amount`) AS think_sum FROM `pd_withdraw` WHERE  `user_id` = 8  AND `status` = 1 LIMIT 1 [ RunTime:0.000403s ]
[2025-11-29T14:09:14+08:00][sql] SELECT `username` FROM `pd_user` WHERE  `id` = 3 LIMIT 1 [ RunTime:0.000254s ]
[2025-11-29T14:09:14+08:00][sql] SELECT SUM(`amount`) AS think_sum FROM `pd_recharge` WHERE  `user_id` = 7  AND `status` = 1 LIMIT 1 [ RunTime:0.000250s ]
[2025-11-29T14:09:14+08:00][sql] SELECT SUM(`amount`) AS think_sum FROM `pd_withdraw` WHERE  `user_id` = 7  AND `status` = 1 LIMIT 1 [ RunTime:0.000246s ]
[2025-11-29T14:09:14+08:00][sql] SELECT `username` FROM `pd_user` WHERE  `id` = 3 LIMIT 1 [ RunTime:0.000254s ]
[2025-11-29T14:09:14+08:00][sql] SELECT SUM(`amount`) AS think_sum FROM `pd_recharge` WHERE  `user_id` = 6  AND `status` = 1 LIMIT 1 [ RunTime:0.000282s ]
[2025-11-29T14:09:14+08:00][sql] SELECT SUM(`amount`) AS think_sum FROM `pd_withdraw` WHERE  `user_id` = 6  AND `status` = 1 LIMIT 1 [ RunTime:0.000391s ]
[2025-11-29T14:09:14+08:00][sql] SELECT `username` FROM `pd_user` WHERE  `id` = 2 LIMIT 1 [ RunTime:0.000722s ]
[2025-11-29T14:09:14+08:00][sql] SELECT SUM(`amount`) AS think_sum FROM `pd_recharge` WHERE  `user_id` = 5  AND `status` = 1 LIMIT 1 [ RunTime:0.000300s ]
[2025-11-29T14:09:14+08:00][sql] SELECT SUM(`amount`) AS think_sum FROM `pd_withdraw` WHERE  `user_id` = 5  AND `status` = 1 LIMIT 1 [ RunTime:0.000301s ]
[2025-11-29T14:09:14+08:00][sql] SELECT `username` FROM `pd_user` WHERE  `id` = 2 LIMIT 1 [ RunTime:0.000231s ]
[2025-11-29T14:09:14+08:00][sql] SELECT SUM(`amount`) AS think_sum FROM `pd_recharge` WHERE  `user_id` = 4  AND `status` = 1 LIMIT 1 [ RunTime:0.000278s ]
[2025-11-29T14:09:14+08:00][sql] SELECT SUM(`amount`) AS think_sum FROM `pd_withdraw` WHERE  `user_id` = 4  AND `status` = 1 LIMIT 1 [ RunTime:0.000270s ]
[2025-11-29T14:09:14+08:00][sql] SELECT `username` FROM `pd_user` WHERE  `id` = 1 LIMIT 1 [ RunTime:0.000242s ]
[2025-11-29T14:09:14+08:00][sql] SELECT SUM(`amount`) AS think_sum FROM `pd_recharge` WHERE  `user_id` = 3  AND `status` = 1 LIMIT 1 [ RunTime:0.000255s ]
[2025-11-29T14:09:14+08:00][sql] SELECT SUM(`amount`) AS think_sum FROM `pd_withdraw` WHERE  `user_id` = 3  AND `status` = 1 LIMIT 1 [ RunTime:0.000308s ]
[2025-11-29T14:09:14+08:00][sql] SELECT `username` FROM `pd_user` WHERE  `id` = 1 LIMIT 1 [ RunTime:0.000302s ]
[2025-11-29T14:09:14+08:00][sql] SELECT SUM(`amount`) AS think_sum FROM `pd_recharge` WHERE  `user_id` = 2  AND `status` = 1 LIMIT 1 [ RunTime:0.000289s ]
[2025-11-29T14:09:14+08:00][sql] SELECT SUM(`amount`) AS think_sum FROM `pd_withdraw` WHERE  `user_id` = 2  AND `status` = 1 LIMIT 1 [ RunTime:0.000265s ]
[2025-11-29T14:09:14+08:00][sql] SELECT `username` FROM `pd_user` WHERE  `id` = 1 LIMIT 1 [ RunTime:0.000259s ]
[2025-11-29T14:09:14+08:00][sql] SELECT SUM(`amount`) AS think_sum FROM `pd_recharge` WHERE  `user_id` = 1  AND `status` = 1 LIMIT 1 [ RunTime:0.000321s ]
[2025-11-29T14:09:14+08:00][sql] SELECT SUM(`amount`) AS think_sum FROM `pd_withdraw` WHERE  `user_id` = 1  AND `status` = 1 LIMIT 1 [ RunTime:0.000248s ]
[2025-11-29T14:09:14+08:00][sql] SELECT COUNT(*) AS think_count FROM `pd_user` LIMIT 1 [ RunTime:0.000233s ]
[2025-11-29T14:09:14+08:00][sql] SELECT `username` FROM `pd_user` WHERE  `id` = 5 LIMIT 1 [ RunTime:0.000260s ]
[2025-11-29T14:09:14+08:00][sql] SELECT COUNT(*) AS think_count FROM `pd_user` WHERE  `inviter_id` = 10 LIMIT 1 [ RunTime:0.000238s ]
[2025-11-29T14:09:14+08:00][sql] SELECT SUM(`amount`) AS think_sum FROM `pd_recharge` WHERE  `user_id` = 10  AND `status` = 1 LIMIT 1 [ RunTime:0.000246s ]
[2025-11-29T14:09:14+08:00][sql] SELECT SUM(`amount`) AS think_sum FROM `pd_withdraw` WHERE  `user_id` = 10  AND `status` = 1 LIMIT 1 [ RunTime:0.000244s ]
[2025-11-29T14:09:14+08:00][sql] SELECT `username` FROM `pd_user` WHERE  `id` = 4 LIMIT 1 [ RunTime:0.000289s ]
[2025-11-29T14:09:14+08:00][sql] SELECT COUNT(*) AS think_count FROM `pd_user` WHERE  `inviter_id` = 9 LIMIT 1 [ RunTime:0.000256s ]
[2025-11-29T14:09:14+08:00][sql] SELECT SUM(`amount`) AS think_sum FROM `pd_recharge` WHERE  `user_id` = 9  AND `status` = 1 LIMIT 1 [ RunTime:0.000277s ]
[2025-11-29T14:09:14+08:00][sql] SELECT SUM(`amount`) AS think_sum FROM `pd_withdraw` WHERE  `user_id` = 9  AND `status` = 1 LIMIT 1 [ RunTime:0.000240s ]
[2025-11-29T14:09:14+08:00][sql] SELECT `username` FROM `pd_user` WHERE  `id` = 3 LIMIT 1 [ RunTime:0.000246s ]
[2025-11-29T14:09:14+08:00][sql] SELECT COUNT(*) AS think_count FROM `pd_user` WHERE  `inviter_id` = 8 LIMIT 1 [ RunTime:0.000312s ]
[2025-11-29T14:09:14+08:00][sql] SELECT SUM(`amount`) AS think_sum FROM `pd_recharge` WHERE  `user_id` = 8  AND `status` = 1 LIMIT 1 [ RunTime:0.000324s ]
[2025-11-29T14:09:14+08:00][sql] SELECT SUM(`amount`) AS think_sum FROM `pd_withdraw` WHERE  `user_id` = 8  AND `status` = 1 LIMIT 1 [ RunTime:0.000261s ]
[2025-11-29T14:09:14+08:00][sql] SELECT `username` FROM `pd_user` WHERE  `id` = 3 LIMIT 1 [ RunTime:0.000234s ]
[2025-11-29T14:09:14+08:00][sql] SELECT COUNT(*) AS think_count FROM `pd_user` WHERE  `inviter_id` = 7 LIMIT 1 [ RunTime:0.000258s ]
[2025-11-29T14:09:14+08:00][sql] SELECT SUM(`amount`) AS think_sum FROM `pd_recharge` WHERE  `user_id` = 7  AND `status` = 1 LIMIT 1 [ RunTime:0.000244s ]
[2025-11-29T14:09:14+08:00][sql] SELECT SUM(`amount`) AS think_sum FROM `pd_withdraw` WHERE  `user_id` = 7  AND `status` = 1 LIMIT 1 [ RunTime:0.000245s ]
[2025-11-29T14:09:14+08:00][sql] SELECT `username` FROM `pd_user` WHERE  `id` = 2 LIMIT 1 [ RunTime:0.000226s ]
[2025-11-29T14:09:14+08:00][sql] SELECT COUNT(*) AS think_count FROM `pd_user` WHERE  `inviter_id` = 6 LIMIT 1 [ RunTime:0.000258s ]
[2025-11-29T14:09:14+08:00][sql] SELECT SUM(`amount`) AS think_sum FROM `pd_recharge` WHERE  `user_id` = 6  AND `status` = 1 LIMIT 1 [ RunTime:0.000246s ]
[2025-11-29T14:09:14+08:00][sql] SELECT SUM(`amount`) AS think_sum FROM `pd_withdraw` WHERE  `user_id` = 6  AND `status` = 1 LIMIT 1 [ RunTime:0.000231s ]
[2025-11-29T14:09:14+08:00][sql] SELECT `username` FROM `pd_user` WHERE  `id` = 2 LIMIT 1 [ RunTime:0.000274s ]
[2025-11-29T14:09:14+08:00][sql] SELECT COUNT(*) AS think_count FROM `pd_user` WHERE  `inviter_id` = 5 LIMIT 1 [ RunTime:0.000290s ]
[2025-11-29T14:09:14+08:00][sql] SELECT SUM(`amount`) AS think_sum FROM `pd_recharge` WHERE  `user_id` = 5  AND `status` = 1 LIMIT 1 [ RunTime:0.000255s ]
[2025-11-29T14:09:14+08:00][sql] SELECT SUM(`amount`) AS think_sum FROM `pd_withdraw` WHERE  `user_id` = 5  AND `status` = 1 LIMIT 1 [ RunTime:0.000256s ]
[2025-11-29T14:09:14+08:00][sql] SELECT `username` FROM `pd_user` WHERE  `id` = 1 LIMIT 1 [ RunTime:0.000305s ]
[2025-11-29T14:09:14+08:00][sql] SELECT COUNT(*) AS think_count FROM `pd_user` WHERE  `inviter_id` = 4 LIMIT 1 [ RunTime:0.000336s ]
[2025-11-29T14:09:14+08:00][sql] SELECT SUM(`amount`) AS think_sum FROM `pd_recharge` WHERE  `user_id` = 4  AND `status` = 1 LIMIT 1 [ RunTime:0.000270s ]
[2025-11-29T14:09:14+08:00][sql] SELECT SUM(`amount`) AS think_sum FROM `pd_withdraw` WHERE  `user_id` = 4  AND `status` = 1 LIMIT 1 [ RunTime:0.000335s ]
[2025-11-29T14:09:14+08:00][sql] SELECT `username` FROM `pd_user` WHERE  `id` = 1 LIMIT 1 [ RunTime:0.000249s ]
[2025-11-29T14:09:14+08:00][sql] SELECT COUNT(*) AS think_count FROM `pd_user` WHERE  `inviter_id` = 3 LIMIT 1 [ RunTime:0.000286s ]
[2025-11-29T14:09:14+08:00][sql] SELECT SUM(`amount`) AS think_sum FROM `pd_recharge` WHERE  `user_id` = 3  AND `status` = 1 LIMIT 1 [ RunTime:0.000347s ]
[2025-11-29T14:09:14+08:00][sql] SELECT SUM(`amount`) AS think_sum FROM `pd_withdraw` WHERE  `user_id` = 3  AND `status` = 1 LIMIT 1 [ RunTime:0.000254s ]
[2025-11-29T14:09:14+08:00][sql] SELECT `username` FROM `pd_user` WHERE  `id` = 1 LIMIT 1 [ RunTime:0.000247s ]
[2025-11-29T14:09:14+08:00][sql] SELECT COUNT(*) AS think_count FROM `pd_user` WHERE  `inviter_id` = 2 LIMIT 1 [ RunTime:0.000276s ]
[2025-11-29T14:09:14+08:00][sql] SELECT SUM(`amount`) AS think_sum FROM `pd_recharge` WHERE  `user_id` = 2  AND `status` = 1 LIMIT 1 [ RunTime:0.000261s ]
[2025-11-29T14:09:14+08:00][sql] SELECT SUM(`amount`) AS think_sum FROM `pd_withdraw` WHERE  `user_id` = 2  AND `status` = 1 LIMIT 1 [ RunTime:0.000248s ]
[2025-11-29T14:09:14+08:00][sql] SELECT COUNT(*) AS think_count FROM `pd_user` WHERE  `inviter_id` = 1 LIMIT 1 [ RunTime:0.000255s ]
[2025-11-29T14:09:14+08:00][sql] SELECT SUM(`amount`) AS think_sum FROM `pd_recharge` WHERE  `user_id` = 1  AND `status` = 1 LIMIT 1 [ RunTime:0.000258s ]
[2025-11-29T14:09:14+08:00][sql] SELECT SUM(`amount`) AS think_sum FROM `pd_withdraw` WHERE  `user_id` = 1  AND `status` = 1 LIMIT 1 [ RunTime:0.000332s ]
[2025-11-29T14:09:36+08:00][sql] CONNECT:[ UseTime:0.001193s ] mysql:host=127.0.0.1;port=3306;dbname=providence;charset=utf8mb4
[2025-11-29T14:09:36+08:00][sql] SHOW FULL COLUMNS FROM `pd_recharge` [ RunTime:0.002373s ]
[2025-11-29T14:09:36+08:00][sql] SELECT `r`.`id`,`r`.`amount`,`r`.`create_time`,`u`.`username` FROM `pd_recharge` `r` INNER JOIN `pd_user` `u` ON `r`.`user_id`=`u`.`id` WHERE  `r`.`status` = '0' ORDER BY `r`.`id` DESC LIMIT 5 [ RunTime:0.000579s ]
[2025-11-29T14:09:36+08:00][sql] SHOW FULL COLUMNS FROM `pd_withdraw` [ RunTime:0.001350s ]
[2025-11-29T14:09:36+08:00][sql] SELECT `w`.`id`,`w`.`amount`,`w`.`create_time`,`u`.`username` FROM `pd_withdraw` `w` INNER JOIN `pd_user` `u` ON `w`.`user_id`=`u`.`id` WHERE  `w`.`status` = '0' ORDER BY `w`.`id` DESC LIMIT 5 [ RunTime:0.000349s ]
[2025-11-29T14:09:38+08:00][sql] CONNECT:[ UseTime:0.000728s ] mysql:host=127.0.0.1;port=3306;dbname=providence;charset=utf8mb4
[2025-11-29T14:09:38+08:00][sql] SHOW FULL COLUMNS FROM `pd_withdraw` [ RunTime:0.001522s ]
[2025-11-29T14:09:38+08:00][sql] SELECT `w`.*,`u`.`username` FROM `pd_withdraw` `w` INNER JOIN `pd_user` `u` ON `w`.`user_id`=`u`.`id` ORDER BY `w`.`id` DESC LIMIT 0,20 [ RunTime:0.000505s ]
[2025-11-29T14:09:38+08:00][sql] SELECT COUNT(*) AS think_count FROM `pd_withdraw` `w` LIMIT 1 [ RunTime:0.000206s ]
[2025-11-29T14:09:40+08:00][sql] CONNECT:[ UseTime:0.000698s ] mysql:host=127.0.0.1;port=3306;dbname=providence;charset=utf8mb4
[2025-11-29T14:09:40+08:00][sql] SHOW FULL COLUMNS FROM `pd_project` [ RunTime:0.008659s ]
[2025-11-29T14:09:56+08:00][sql] CONNECT:[ UseTime:0.000585s ] mysql:host=127.0.0.1;port=3306;dbname=providence;charset=utf8mb4
[2025-11-29T14:09:56+08:00][sql] SHOW FULL COLUMNS FROM `pd_admins` [ RunTime:0.001717s ]
[2025-11-29T14:09:56+08:00][sql] SELECT * FROM `pd_admins` WHERE  `username` = 'admin'  AND `status` = 1 LIMIT 1 [ RunTime:0.000454s ]
[2025-11-29T14:09:56+08:00][sql] UPDATE `pd_admins`  SET `last_login_time` = '2025-11-29 14:09:56' , `last_login_ip` = '::1'  WHERE  `id` = 1 [ RunTime:0.002256s ]
[2025-11-29T14:10:02+08:00][sql] CONNECT:[ UseTime:0.000683s ] mysql:host=127.0.0.1;port=3306;dbname=providence;charset=utf8mb4
[2025-11-29T14:10:02+08:00][sql] SHOW FULL COLUMNS FROM `pd_admins` [ RunTime:0.001521s ]
[2025-11-29T14:10:02+08:00][sql] SELECT * FROM `pd_admins` WHERE  `username` = 'G138688'  AND `status` = 1 LIMIT 1 [ RunTime:0.000384s ]
[2025-11-29T14:10:02+08:00][sql] SHOW FULL COLUMNS FROM `pd_user` [ RunTime:0.001511s ]
[2025-11-29T14:10:02+08:00][sql] SELECT * FROM `pd_user` WHERE  `username` = 'G138688' LIMIT 1 [ RunTime:0.000499s ]
[2025-11-29T14:10:02+08:00][sql] UPDATE `pd_user`  SET `last_login_time` = '2025-11-29 14:10:02' , `update_time` = '2025-11-29 14:10:02.736742'  WHERE  `id` = 1 [ RunTime:0.000598s ]
[2025-11-29T14:10:22+08:00][sql] CONNECT:[ UseTime:0.001082s ] mysql:host=127.0.0.1;port=3306;dbname=providence;charset=utf8mb4
[2025-11-29T14:10:22+08:00][sql] SHOW FULL COLUMNS FROM `pd_user` [ RunTime:0.010211s ]
[2025-11-29T14:10:22+08:00][sql] SELECT COUNT(*) AS think_count FROM `pd_user` LIMIT 1 [ RunTime:0.008248s ]
[2025-11-29T14:10:22+08:00][sql] SHOW FULL COLUMNS FROM `pd_recharge` [ RunTime:0.010293s ]
[2025-11-29T14:10:22+08:00][sql] SELECT SUM(`amount`) AS think_sum FROM `pd_recharge` WHERE  `create_time` BETWEEN '2025-11-29 00:00:00' AND '2025-11-29 23:59:59'  AND `status` = 1 LIMIT 1 [ RunTime:0.000841s ]
[2025-11-29T14:10:22+08:00][sql] SHOW FULL COLUMNS FROM `pd_withdraw` [ RunTime:0.007379s ]
[2025-11-29T14:10:22+08:00][sql] SELECT SUM(`amount`) AS think_sum FROM `pd_withdraw` WHERE  `create_time` BETWEEN '2025-11-29 00:00:00' AND '2025-11-29 23:59:59'  AND `status` = 1 LIMIT 1 [ RunTime:0.000575s ]
[2025-11-29T14:10:22+08:00][sql] SHOW FULL COLUMNS FROM `pd_project` [ RunTime:0.002456s ]
[2025-11-29T14:10:22+08:00][sql] SELECT COUNT(*) AS think_count FROM `pd_project` WHERE  `status` = 1 LIMIT 1 [ RunTime:0.000603s ]
[2025-11-29T14:10:22+08:00][sql] SELECT COUNT(*) AS think_count FROM `pd_user` WHERE  `create_time` BETWEEN '2025-11-29 00:00:00' AND '2025-11-29 23:59:59' LIMIT 1 [ RunTime:0.000363s ]
[2025-11-29T14:10:22+08:00][sql] SHOW FULL COLUMNS FROM `pd_investment` [ RunTime:0.002549s ]
[2025-11-29T14:10:22+08:00][sql] SELECT SUM(`amount`) AS think_sum FROM `pd_investment` WHERE  `status` = 1 LIMIT 1 [ RunTime:0.000824s ]
[2025-11-29T14:10:22+08:00][sql] SELECT COUNT(*) AS think_count FROM `pd_recharge` WHERE  `status` = 0 LIMIT 1 [ RunTime:0.000499s ]
[2025-11-29T14:10:22+08:00][sql] SELECT COUNT(*) AS think_count FROM `pd_withdraw` WHERE  `status` = 0 LIMIT 1 [ RunTime:0.000287s ]
[2025-11-29T14:10:22+08:00][sql] SELECT SUM(`amount`) AS think_sum FROM `pd_investment` WHERE  `create_time` BETWEEN '2025-11-29 00:00:00' AND '2025-11-29 23:59:59' LIMIT 1 [ RunTime:0.000305s ]
[2025-11-29T14:10:22+08:00][sql] SELECT COUNT(*) AS think_count FROM `pd_user` WHERE  `last_login_time` BETWEEN '2025-11-29 00:00:00' AND '2025-11-29 23:59:59' LIMIT 1 [ RunTime:0.000376s ]
[2025-11-29T14:10:22+08:00][sql] CONNECT:[ UseTime:0.000844s ] mysql:host=127.0.0.1;port=3306;dbname=providence;charset=utf8mb4
[2025-11-29T14:10:22+08:00][sql] SHOW FULL COLUMNS FROM `pd_recharge` [ RunTime:0.001561s ]
[2025-11-29T14:10:22+08:00][sql] SELECT `r`.`id`,`r`.`amount`,`r`.`create_time`,`u`.`username` FROM `pd_recharge` `r` INNER JOIN `pd_user` `u` ON `r`.`user_id`=`u`.`id` WHERE  `r`.`status` = '0' ORDER BY `r`.`id` DESC LIMIT 5 [ RunTime:0.000571s ]
[2025-11-29T14:10:22+08:00][sql] SHOW FULL COLUMNS FROM `pd_withdraw` [ RunTime:0.001332s ]
[2025-11-29T14:10:22+08:00][sql] SELECT `w`.`id`,`w`.`amount`,`w`.`create_time`,`u`.`username` FROM `pd_withdraw` `w` INNER JOIN `pd_user` `u` ON `w`.`user_id`=`u`.`id` WHERE  `w`.`status` = '0' ORDER BY `w`.`id` DESC LIMIT 5 [ RunTime:0.000371s ]
[2025-11-29T14:10:37+08:00][sql] CONNECT:[ UseTime:0.000892s ] mysql:host=127.0.0.1;port=3306;dbname=providence;charset=utf8mb4
[2025-11-29T14:10:37+08:00][sql] SHOW FULL COLUMNS FROM `pd_user` [ RunTime:0.002185s ]
[2025-11-29T14:10:37+08:00][sql] SELECT COUNT(*) AS think_count FROM `pd_user` LIMIT 1 [ RunTime:0.001052s ]
[2025-11-29T14:10:37+08:00][sql] SHOW FULL COLUMNS FROM `pd_recharge` [ RunTime:0.001634s ]
[2025-11-29T14:10:37+08:00][sql] SELECT SUM(`amount`) AS think_sum FROM `pd_recharge` WHERE  `create_time` BETWEEN '2025-11-29 00:00:00' AND '2025-11-29 23:59:59'  AND `status` = 1 LIMIT 1 [ RunTime:0.000490s ]
[2025-11-29T14:10:37+08:00][sql] SHOW FULL COLUMNS FROM `pd_withdraw` [ RunTime:0.001405s ]
[2025-11-29T14:10:37+08:00][sql] SELECT SUM(`amount`) AS think_sum FROM `pd_withdraw` WHERE  `create_time` BETWEEN '2025-11-29 00:00:00' AND '2025-11-29 23:59:59'  AND `status` = 1 LIMIT 1 [ RunTime:0.000432s ]
[2025-11-29T14:10:37+08:00][sql] SHOW FULL COLUMNS FROM `pd_project` [ RunTime:0.001452s ]
[2025-11-29T14:10:37+08:00][sql] SELECT COUNT(*) AS think_count FROM `pd_project` WHERE  `status` = 1 LIMIT 1 [ RunTime:0.000534s ]
[2025-11-29T14:10:37+08:00][sql] SELECT COUNT(*) AS think_count FROM `pd_user` WHERE  `create_time` BETWEEN '2025-11-29 00:00:00' AND '2025-11-29 23:59:59' LIMIT 1 [ RunTime:0.000355s ]
[2025-11-29T14:10:37+08:00][sql] SHOW FULL COLUMNS FROM `pd_investment` [ RunTime:0.001394s ]
[2025-11-29T14:10:37+08:00][sql] SELECT SUM(`amount`) AS think_sum FROM `pd_investment` WHERE  `status` = 1 LIMIT 1 [ RunTime:0.000297s ]
[2025-11-29T14:10:37+08:00][sql] SELECT COUNT(*) AS think_count FROM `pd_recharge` WHERE  `status` = 0 LIMIT 1 [ RunTime:0.000263s ]
[2025-11-29T14:10:37+08:00][sql] SELECT COUNT(*) AS think_count FROM `pd_withdraw` WHERE  `status` = 0 LIMIT 1 [ RunTime:0.000239s ]
[2025-11-29T14:10:37+08:00][sql] SELECT SUM(`amount`) AS think_sum FROM `pd_investment` WHERE  `create_time` BETWEEN '2025-11-29 00:00:00' AND '2025-11-29 23:59:59' LIMIT 1 [ RunTime:0.000259s ]
[2025-11-29T14:10:37+08:00][sql] SELECT COUNT(*) AS think_count FROM `pd_user` WHERE  `last_login_time` BETWEEN '2025-11-29 00:00:00' AND '2025-11-29 23:59:59' LIMIT 1 [ RunTime:0.000240s ]
[2025-11-29T14:10:37+08:00][sql] CONNECT:[ UseTime:0.000516s ] mysql:host=127.0.0.1;port=3306;dbname=providence;charset=utf8mb4
[2025-11-29T14:10:37+08:00][sql] SHOW FULL COLUMNS FROM `pd_admins` [ RunTime:0.001537s ]
[2025-11-29T14:10:37+08:00][sql] SELECT * FROM `pd_admins` WHERE  `id` = 1  AND `status` = 1 LIMIT 1 [ RunTime:0.000268s ]
[2025-11-29T14:10:37+08:00][sql] CONNECT:[ UseTime:0.000601s ] mysql:host=127.0.0.1;port=3306;dbname=providence;charset=utf8mb4
[2025-11-29T14:10:37+08:00][sql] SHOW FULL COLUMNS FROM `pd_recharge` [ RunTime:0.002274s ]
[2025-11-29T14:10:37+08:00][sql] SELECT `r`.`id`,`r`.`amount`,`r`.`create_time`,`u`.`username` FROM `pd_recharge` `r` INNER JOIN `pd_user` `u` ON `r`.`user_id`=`u`.`id` WHERE  `r`.`status` = '0' ORDER BY `r`.`id` DESC LIMIT 5 [ RunTime:0.000981s ]
[2025-11-29T14:10:37+08:00][sql] SHOW FULL COLUMNS FROM `pd_withdraw` [ RunTime:0.002119s ]
[2025-11-29T14:10:37+08:00][sql] SELECT `w`.`id`,`w`.`amount`,`w`.`create_time`,`u`.`username` FROM `pd_withdraw` `w` INNER JOIN `pd_user` `u` ON `w`.`user_id`=`u`.`id` WHERE  `w`.`status` = '0' ORDER BY `w`.`id` DESC LIMIT 5 [ RunTime:0.000680s ]
[2025-11-29T14:10:52+08:00][sql] CONNECT:[ UseTime:0.000624s ] mysql:host=127.0.0.1;port=3306;dbname=providence;charset=utf8mb4
[2025-11-29T14:10:52+08:00][sql] SHOW FULL COLUMNS FROM `pd_project` [ RunTime:0.002626s ]
[2025-11-29T14:11:23+08:00][sql] CONNECT:[ UseTime:0.000816s ] mysql:host=127.0.0.1;port=3306;dbname=providence;charset=utf8mb4
[2025-11-29T14:11:23+08:00][sql] SHOW FULL COLUMNS FROM `pd_project` [ RunTime:0.002475s ]
[2025-11-29T14:11:23+08:00][sql] SELECT * FROM `pd_project` ORDER BY `id` DESC [ RunTime:0.000788s ]
[2025-11-29T14:11:23+08:00][sql] SHOW FULL COLUMNS FROM `pd_investment` [ RunTime:0.001492s ]
[2025-11-29T14:11:23+08:00][sql] SELECT SUM(`amount`) AS think_sum FROM `pd_investment` WHERE  `project_id` = 6  AND `status` IN (0,1) LIMIT 1 [ RunTime:0.000693s ]
[2025-11-29T14:11:23+08:00][sql] SELECT SUM(`amount`) AS think_sum FROM `pd_investment` WHERE  `project_id` = 5  AND `status` IN (0,1) LIMIT 1 [ RunTime:0.000294s ]
[2025-11-29T14:11:23+08:00][sql] SELECT SUM(`amount`) AS think_sum FROM `pd_investment` WHERE  `project_id` = 4  AND `status` IN (0,1) LIMIT 1 [ RunTime:0.000427s ]
[2025-11-29T14:11:23+08:00][sql] SELECT SUM(`amount`) AS think_sum FROM `pd_investment` WHERE  `project_id` = 3  AND `status` IN (0,1) LIMIT 1 [ RunTime:0.000360s ]
[2025-11-29T14:11:23+08:00][sql] SELECT SUM(`amount`) AS think_sum FROM `pd_investment` WHERE  `project_id` = 1  AND `status` IN (0,1) LIMIT 1 [ RunTime:0.000311s ]
[2025-11-29T14:11:37+08:00][sql] CONNECT:[ UseTime:0.000561s ] mysql:host=127.0.0.1;port=3306;dbname=providence;charset=utf8mb4
[2025-11-29T14:11:37+08:00][sql] SHOW FULL COLUMNS FROM `pd_project` [ RunTime:0.002030s ]
[2025-11-29T14:11:37+08:00][sql] SELECT * FROM `pd_project` ORDER BY `id` DESC [ RunTime:0.000497s ]
[2025-11-29T14:11:37+08:00][sql] SHOW FULL COLUMNS FROM `pd_investment` [ RunTime:0.001597s ]
[2025-11-29T14:11:37+08:00][sql] SELECT SUM(`amount`) AS think_sum FROM `pd_investment` WHERE  `project_id` = 6  AND `status` IN (0,1) LIMIT 1 [ RunTime:0.000428s ]
[2025-11-29T14:11:37+08:00][sql] SELECT SUM(`amount`) AS think_sum FROM `pd_investment` WHERE  `project_id` = 5  AND `status` IN (0,1) LIMIT 1 [ RunTime:0.000212s ]
[2025-11-29T14:11:37+08:00][sql] SELECT SUM(`amount`) AS think_sum FROM `pd_investment` WHERE  `project_id` = 4  AND `status` IN (0,1) LIMIT 1 [ RunTime:0.000198s ]
[2025-11-29T14:11:37+08:00][sql] SELECT SUM(`amount`) AS think_sum FROM `pd_investment` WHERE  `project_id` = 3  AND `status` IN (0,1) LIMIT 1 [ RunTime:0.000201s ]
[2025-11-29T14:11:37+08:00][sql] SELECT SUM(`amount`) AS think_sum FROM `pd_investment` WHERE  `project_id` = 1  AND `status` IN (0,1) LIMIT 1 [ RunTime:0.000222s ]
[2025-11-29T14:12:37+08:00][sql] CONNECT:[ UseTime:0.000590s ] mysql:host=127.0.0.1;port=3306;dbname=providence;charset=utf8mb4
[2025-11-29T14:12:37+08:00][sql] SHOW FULL COLUMNS FROM `pd_project` [ RunTime:0.002291s ]
[2025-11-29T14:12:37+08:00][sql] SELECT * FROM `pd_project` ORDER BY `id` DESC [ RunTime:0.000594s ]
[2025-11-29T14:12:37+08:00][sql] SHOW FULL COLUMNS FROM `pd_investment` [ RunTime:0.001669s ]
[2025-11-29T14:12:37+08:00][sql] SELECT SUM(`amount`) AS think_sum FROM `pd_investment` WHERE  `project_id` = 6  AND `status` IN (0,1) LIMIT 1 [ RunTime:0.000483s ]
[2025-11-29T14:12:37+08:00][sql] SELECT SUM(`amount`) AS think_sum FROM `pd_investment` WHERE  `project_id` = 5  AND `status` IN (0,1) LIMIT 1 [ RunTime:0.000250s ]
[2025-11-29T14:12:37+08:00][sql] SELECT SUM(`amount`) AS think_sum FROM `pd_investment` WHERE  `project_id` = 4  AND `status` IN (0,1) LIMIT 1 [ RunTime:0.000307s ]
[2025-11-29T14:12:37+08:00][sql] SELECT SUM(`amount`) AS think_sum FROM `pd_investment` WHERE  `project_id` = 3  AND `status` IN (0,1) LIMIT 1 [ RunTime:0.000299s ]
[2025-11-29T14:12:37+08:00][sql] SELECT SUM(`amount`) AS think_sum FROM `pd_investment` WHERE  `project_id` = 1  AND `status` IN (0,1) LIMIT 1 [ RunTime:0.000263s ]
[2025-11-29T14:12:41+08:00][sql] CONNECT:[ UseTime:0.000710s ] mysql:host=127.0.0.1;port=3306;dbname=providence;charset=utf8mb4
[2025-11-29T14:12:41+08:00][sql] SHOW FULL COLUMNS FROM `pd_recharge` [ RunTime:0.001838s ]
[2025-11-29T14:12:41+08:00][sql] SELECT `r`.`id`,`r`.`amount`,`r`.`create_time`,`u`.`username` FROM `pd_recharge` `r` INNER JOIN `pd_user` `u` ON `r`.`user_id`=`u`.`id` WHERE  `r`.`status` = '0' ORDER BY `r`.`id` DESC LIMIT 5 [ RunTime:0.000907s ]
[2025-11-29T14:12:41+08:00][sql] SHOW FULL COLUMNS FROM `pd_withdraw` [ RunTime:0.001768s ]
[2025-11-29T14:12:41+08:00][sql] SELECT `w`.`id`,`w`.`amount`,`w`.`create_time`,`u`.`username` FROM `pd_withdraw` `w` INNER JOIN `pd_user` `u` ON `w`.`user_id`=`u`.`id` WHERE  `w`.`status` = '0' ORDER BY `w`.`id` DESC LIMIT 5 [ RunTime:0.000416s ]
[2025-11-29T14:12:45+08:00][sql] CONNECT:[ UseTime:0.000955s ] mysql:host=127.0.0.1;port=3306;dbname=providence;charset=utf8mb4
[2025-11-29T14:13:40+08:00][sql] CONNECT:[ UseTime:0.001788s ] mysql:host=127.0.0.1;port=3306;dbname=providence;charset=utf8mb4
[2025-11-29T14:13:40+08:00][sql] SHOW FULL COLUMNS FROM `pd_user` [ RunTime:0.002429s ]
[2025-11-29T14:13:40+08:00][sql] SELECT COUNT(*) AS think_count FROM `pd_user` LIMIT 1 [ RunTime:0.001215s ]
[2025-11-29T14:13:40+08:00][sql] SHOW FULL COLUMNS FROM `pd_recharge` [ RunTime:0.003098s ]
[2025-11-29T14:13:40+08:00][sql] SELECT SUM(`amount`) AS think_sum FROM `pd_recharge` WHERE  `create_time` BETWEEN '2025-11-29 00:00:00' AND '2025-11-29 23:59:59'  AND `status` = 1 LIMIT 1 [ RunTime:0.001581s ]
[2025-11-29T14:13:40+08:00][sql] SHOW FULL COLUMNS FROM `pd_withdraw` [ RunTime:0.002279s ]
[2025-11-29T14:13:40+08:00][sql] SELECT SUM(`amount`) AS think_sum FROM `pd_withdraw` WHERE  `create_time` BETWEEN '2025-11-29 00:00:00' AND '2025-11-29 23:59:59'  AND `status` = 1 LIMIT 1 [ RunTime:0.001035s ]
[2025-11-29T14:13:40+08:00][sql] SHOW FULL COLUMNS FROM `pd_project` [ RunTime:0.004921s ]
[2025-11-29T14:13:40+08:00][sql] SELECT COUNT(*) AS think_count FROM `pd_project` WHERE  `status` = 1 LIMIT 1 [ RunTime:0.000971s ]
[2025-11-29T14:13:40+08:00][sql] SELECT COUNT(*) AS think_count FROM `pd_user` WHERE  `create_time` BETWEEN '2025-11-29 00:00:00' AND '2025-11-29 23:59:59' LIMIT 1 [ RunTime:0.010688s ]
[2025-11-29T14:13:40+08:00][sql] SHOW FULL COLUMNS FROM `pd_investment` [ RunTime:0.005555s ]
[2025-11-29T14:13:40+08:00][sql] SELECT SUM(`amount`) AS think_sum FROM `pd_investment` WHERE  `status` = 1 LIMIT 1 [ RunTime:0.000758s ]
[2025-11-29T14:13:40+08:00][sql] SELECT COUNT(*) AS think_count FROM `pd_recharge` WHERE  `status` = 0 LIMIT 1 [ RunTime:0.000375s ]
[2025-11-29T14:13:40+08:00][sql] SELECT COUNT(*) AS think_count FROM `pd_withdraw` WHERE  `status` = 0 LIMIT 1 [ RunTime:0.000320s ]
[2025-11-29T14:13:40+08:00][sql] SELECT SUM(`amount`) AS think_sum FROM `pd_investment` WHERE  `create_time` BETWEEN '2025-11-29 00:00:00' AND '2025-11-29 23:59:59' LIMIT 1 [ RunTime:0.000420s ]
[2025-11-29T14:13:40+08:00][sql] SELECT COUNT(*) AS think_count FROM `pd_user` WHERE  `last_login_time` BETWEEN '2025-11-29 00:00:00' AND '2025-11-29 23:59:59' LIMIT 1 [ RunTime:0.001313s ]
[2025-11-29T14:13:40+08:00][sql] CONNECT:[ UseTime:0.000919s ] mysql:host=127.0.0.1;port=3306;dbname=providence;charset=utf8mb4
[2025-11-29T14:13:40+08:00][sql] SHOW FULL COLUMNS FROM `pd_admins` [ RunTime:0.002746s ]
[2025-11-29T14:13:40+08:00][sql] SELECT * FROM `pd_admins` WHERE  `id` = 1  AND `status` = 1 LIMIT 1 [ RunTime:0.000756s ]
[2025-11-29T14:13:40+08:00][sql] CONNECT:[ UseTime:0.000605s ] mysql:host=127.0.0.1;port=3306;dbname=providence;charset=utf8mb4
[2025-11-29T14:13:40+08:00][sql] SHOW FULL COLUMNS FROM `pd_recharge` [ RunTime:0.001584s ]
[2025-11-29T14:13:40+08:00][sql] SELECT `r`.`id`,`r`.`amount`,`r`.`create_time`,`u`.`username` FROM `pd_recharge` `r` INNER JOIN `pd_user` `u` ON `r`.`user_id`=`u`.`id` WHERE  `r`.`status` = '0' ORDER BY `r`.`id` DESC LIMIT 5 [ RunTime:0.000559s ]
[2025-11-29T14:13:40+08:00][sql] SHOW FULL COLUMNS FROM `pd_withdraw` [ RunTime:0.001480s ]
[2025-11-29T14:13:40+08:00][sql] SELECT `w`.`id`,`w`.`amount`,`w`.`create_time`,`u`.`username` FROM `pd_withdraw` `w` INNER JOIN `pd_user` `u` ON `w`.`user_id`=`u`.`id` WHERE  `w`.`status` = '0' ORDER BY `w`.`id` DESC LIMIT 5 [ RunTime:0.000384s ]
[2025-11-29T14:13:51+08:00][sql] CONNECT:[ UseTime:0.000815s ] mysql:host=127.0.0.1;port=3306;dbname=providence;charset=utf8mb4
[2025-11-29T14:13:51+08:00][sql] SHOW FULL COLUMNS FROM `pd_project` [ RunTime:0.003687s ]
[2025-11-29T14:13:51+08:00][sql] SELECT * FROM `pd_project` ORDER BY `id` DESC [ RunTime:0.001037s ]
[2025-11-29T14:13:51+08:00][sql] SHOW FULL COLUMNS FROM `pd_investment` [ RunTime:0.002134s ]
[2025-11-29T14:13:51+08:00][sql] SELECT SUM(`amount`) AS think_sum FROM `pd_investment` WHERE  `project_id` = 6  AND `status` IN (0,1) LIMIT 1 [ RunTime:0.000778s ]
[2025-11-29T14:13:51+08:00][sql] SELECT SUM(`amount`) AS think_sum FROM `pd_investment` WHERE  `project_id` = 5  AND `status` IN (0,1) LIMIT 1 [ RunTime:0.000870s ]
[2025-11-29T14:13:51+08:00][sql] SELECT SUM(`amount`) AS think_sum FROM `pd_investment` WHERE  `project_id` = 4  AND `status` IN (0,1) LIMIT 1 [ RunTime:0.000388s ]
[2025-11-29T14:13:51+08:00][sql] SELECT SUM(`amount`) AS think_sum FROM `pd_investment` WHERE  `project_id` = 3  AND `status` IN (0,1) LIMIT 1 [ RunTime:0.000347s ]
[2025-11-29T14:13:51+08:00][sql] SELECT SUM(`amount`) AS think_sum FROM `pd_investment` WHERE  `project_id` = 1  AND `status` IN (0,1) LIMIT 1 [ RunTime:0.001852s ]
[2025-11-29T14:14:02+08:00][sql] CONNECT:[ UseTime:0.000601s ] mysql:host=127.0.0.1;port=3306;dbname=providence;charset=utf8mb4
[2025-11-29T14:14:02+08:00][sql] SHOW FULL COLUMNS FROM `pd_user` [ RunTime:0.001871s ]
[2025-11-29T14:14:02+08:00][sql] SELECT COUNT(*) AS think_count FROM `pd_user` LIMIT 1 [ RunTime:0.000322s ]
[2025-11-29T14:14:02+08:00][sql] SHOW FULL COLUMNS FROM `pd_recharge` [ RunTime:0.001228s ]
[2025-11-29T14:14:02+08:00][sql] SELECT SUM(`amount`) AS think_sum FROM `pd_recharge` WHERE  `create_time` BETWEEN '2025-11-29 00:00:00' AND '2025-11-29 23:59:59'  AND `status` = 1 LIMIT 1 [ RunTime:0.001002s ]
[2025-11-29T14:14:02+08:00][sql] SHOW FULL COLUMNS FROM `pd_withdraw` [ RunTime:0.002225s ]
[2025-11-29T14:14:02+08:00][sql] SELECT SUM(`amount`) AS think_sum FROM `pd_withdraw` WHERE  `create_time` BETWEEN '2025-11-29 00:00:00' AND '2025-11-29 23:59:59'  AND `status` = 1 LIMIT 1 [ RunTime:0.000541s ]
[2025-11-29T14:14:02+08:00][sql] SHOW FULL COLUMNS FROM `pd_project` [ RunTime:0.003430s ]
[2025-11-29T14:14:02+08:00][sql] SELECT COUNT(*) AS think_count FROM `pd_project` WHERE  `status` = 1 LIMIT 1 [ RunTime:0.000944s ]
[2025-11-29T14:14:02+08:00][sql] SELECT COUNT(*) AS think_count FROM `pd_user` WHERE  `create_time` BETWEEN '2025-11-29 00:00:00' AND '2025-11-29 23:59:59' LIMIT 1 [ RunTime:0.000395s ]
[2025-11-29T14:14:02+08:00][sql] SHOW FULL COLUMNS FROM `pd_investment` [ RunTime:0.003552s ]
[2025-11-29T14:14:02+08:00][sql] SELECT SUM(`amount`) AS think_sum FROM `pd_investment` WHERE  `status` = 1 LIMIT 1 [ RunTime:0.000582s ]
[2025-11-29T14:14:02+08:00][sql] SELECT COUNT(*) AS think_count FROM `pd_recharge` WHERE  `status` = 0 LIMIT 1 [ RunTime:0.001344s ]
[2025-11-29T14:14:02+08:00][sql] SELECT COUNT(*) AS think_count FROM `pd_withdraw` WHERE  `status` = 0 LIMIT 1 [ RunTime:0.000580s ]
[2025-11-29T14:14:02+08:00][sql] SELECT SUM(`amount`) AS think_sum FROM `pd_investment` WHERE  `create_time` BETWEEN '2025-11-29 00:00:00' AND '2025-11-29 23:59:59' LIMIT 1 [ RunTime:0.000330s ]
[2025-11-29T14:14:02+08:00][sql] SELECT COUNT(*) AS think_count FROM `pd_user` WHERE  `last_login_time` BETWEEN '2025-11-29 00:00:00' AND '2025-11-29 23:59:59' LIMIT 1 [ RunTime:0.000279s ]
[2025-11-29T14:14:02+08:00][sql] CONNECT:[ UseTime:0.000566s ] mysql:host=127.0.0.1;port=3306;dbname=providence;charset=utf8mb4
[2025-11-29T14:14:02+08:00][sql] SHOW FULL COLUMNS FROM `pd_admins` [ RunTime:0.002027s ]
[2025-11-29T14:14:02+08:00][sql] SELECT * FROM `pd_admins` WHERE  `id` = 1  AND `status` = 1 LIMIT 1 [ RunTime:0.000804s ]
[2025-11-29T14:14:02+08:00][sql] CONNECT:[ UseTime:0.000649s ] mysql:host=127.0.0.1;port=3306;dbname=providence;charset=utf8mb4
[2025-11-29T14:14:02+08:00][sql] SHOW FULL COLUMNS FROM `pd_user` [ RunTime:0.002330s ]
[2025-11-29T14:14:02+08:00][sql] SELECT * FROM `pd_user` ORDER BY `id` DESC LIMIT 0,20 [ RunTime:0.000538s ]
[2025-11-29T14:14:02+08:00][sql] SHOW FULL COLUMNS FROM `pd_recharge` [ RunTime:0.001357s ]
[2025-11-29T14:14:02+08:00][sql] SELECT SUM(`amount`) AS think_sum FROM `pd_recharge` WHERE  `user_id` = 10  AND `status` = 1 LIMIT 1 [ RunTime:0.000316s ]
[2025-11-29T14:14:02+08:00][sql] SHOW FULL COLUMNS FROM `pd_withdraw` [ RunTime:0.001195s ]
[2025-11-29T14:14:02+08:00][sql] SELECT SUM(`amount`) AS think_sum FROM `pd_withdraw` WHERE  `user_id` = 10  AND `status` = 1 LIMIT 1 [ RunTime:0.000306s ]
[2025-11-29T14:14:02+08:00][sql] SELECT `username` FROM `pd_user` WHERE  `id` = 5 LIMIT 1 [ RunTime:0.000229s ]
[2025-11-29T14:14:02+08:00][sql] SELECT SUM(`amount`) AS think_sum FROM `pd_recharge` WHERE  `user_id` = 9  AND `status` = 1 LIMIT 1 [ RunTime:0.000282s ]
[2025-11-29T14:14:02+08:00][sql] SELECT SUM(`amount`) AS think_sum FROM `pd_withdraw` WHERE  `user_id` = 9  AND `status` = 1 LIMIT 1 [ RunTime:0.000217s ]
[2025-11-29T14:14:02+08:00][sql] SELECT `username` FROM `pd_user` WHERE  `id` = 4 LIMIT 1 [ RunTime:0.000171s ]
[2025-11-29T14:14:02+08:00][sql] SELECT SUM(`amount`) AS think_sum FROM `pd_recharge` WHERE  `user_id` = 8  AND `status` = 1 LIMIT 1 [ RunTime:0.000189s ]
[2025-11-29T14:14:02+08:00][sql] SELECT SUM(`amount`) AS think_sum FROM `pd_withdraw` WHERE  `user_id` = 8  AND `status` = 1 LIMIT 1 [ RunTime:0.000187s ]
[2025-11-29T14:14:02+08:00][sql] SELECT `username` FROM `pd_user` WHERE  `id` = 3 LIMIT 1 [ RunTime:0.000571s ]
[2025-11-29T14:14:02+08:00][sql] SELECT SUM(`amount`) AS think_sum FROM `pd_recharge` WHERE  `user_id` = 7  AND `status` = 1 LIMIT 1 [ RunTime:0.000908s ]
[2025-11-29T14:14:02+08:00][sql] SELECT SUM(`amount`) AS think_sum FROM `pd_withdraw` WHERE  `user_id` = 7  AND `status` = 1 LIMIT 1 [ RunTime:0.000494s ]
[2025-11-29T14:14:02+08:00][sql] SELECT `username` FROM `pd_user` WHERE  `id` = 3 LIMIT 1 [ RunTime:0.000245s ]
[2025-11-29T14:14:02+08:00][sql] SELECT SUM(`amount`) AS think_sum FROM `pd_recharge` WHERE  `user_id` = 6  AND `status` = 1 LIMIT 1 [ RunTime:0.000363s ]
[2025-11-29T14:14:02+08:00][sql] SELECT SUM(`amount`) AS think_sum FROM `pd_withdraw` WHERE  `user_id` = 6  AND `status` = 1 LIMIT 1 [ RunTime:0.000368s ]
[2025-11-29T14:14:02+08:00][sql] SELECT `username` FROM `pd_user` WHERE  `id` = 2 LIMIT 1 [ RunTime:0.000252s ]
[2025-11-29T14:14:02+08:00][sql] SELECT SUM(`amount`) AS think_sum FROM `pd_recharge` WHERE  `user_id` = 5  AND `status` = 1 LIMIT 1 [ RunTime:0.000225s ]
[2025-11-29T14:14:02+08:00][sql] SELECT SUM(`amount`) AS think_sum FROM `pd_withdraw` WHERE  `user_id` = 5  AND `status` = 1 LIMIT 1 [ RunTime:0.000263s ]
[2025-11-29T14:14:02+08:00][sql] SELECT `username` FROM `pd_user` WHERE  `id` = 2 LIMIT 1 [ RunTime:0.000319s ]
[2025-11-29T14:14:02+08:00][sql] SELECT SUM(`amount`) AS think_sum FROM `pd_recharge` WHERE  `user_id` = 4  AND `status` = 1 LIMIT 1 [ RunTime:0.000272s ]
[2025-11-29T14:14:02+08:00][sql] SELECT SUM(`amount`) AS think_sum FROM `pd_withdraw` WHERE  `user_id` = 4  AND `status` = 1 LIMIT 1 [ RunTime:0.000290s ]
[2025-11-29T14:14:02+08:00][sql] SELECT `username` FROM `pd_user` WHERE  `id` = 1 LIMIT 1 [ RunTime:0.000244s ]
[2025-11-29T14:14:02+08:00][sql] SELECT SUM(`amount`) AS think_sum FROM `pd_recharge` WHERE  `user_id` = 3  AND `status` = 1 LIMIT 1 [ RunTime:0.000277s ]
[2025-11-29T14:14:02+08:00][sql] SELECT SUM(`amount`) AS think_sum FROM `pd_withdraw` WHERE  `user_id` = 3  AND `status` = 1 LIMIT 1 [ RunTime:0.000271s ]
[2025-11-29T14:14:02+08:00][sql] SELECT `username` FROM `pd_user` WHERE  `id` = 1 LIMIT 1 [ RunTime:0.000242s ]
[2025-11-29T14:14:02+08:00][sql] SELECT SUM(`amount`) AS think_sum FROM `pd_recharge` WHERE  `user_id` = 2  AND `status` = 1 LIMIT 1 [ RunTime:0.000305s ]
[2025-11-29T14:14:02+08:00][sql] SELECT SUM(`amount`) AS think_sum FROM `pd_withdraw` WHERE  `user_id` = 2  AND `status` = 1 LIMIT 1 [ RunTime:0.000253s ]
[2025-11-29T14:14:02+08:00][sql] SELECT `username` FROM `pd_user` WHERE  `id` = 1 LIMIT 1 [ RunTime:0.000229s ]
[2025-11-29T14:14:02+08:00][sql] SELECT SUM(`amount`) AS think_sum FROM `pd_recharge` WHERE  `user_id` = 1  AND `status` = 1 LIMIT 1 [ RunTime:0.000268s ]
[2025-11-29T14:14:02+08:00][sql] SELECT SUM(`amount`) AS think_sum FROM `pd_withdraw` WHERE  `user_id` = 1  AND `status` = 1 LIMIT 1 [ RunTime:0.000248s ]
[2025-11-29T14:14:02+08:00][sql] SELECT COUNT(*) AS think_count FROM `pd_user` LIMIT 1 [ RunTime:0.000271s ]
[2025-11-29T14:14:02+08:00][sql] SELECT `username` FROM `pd_user` WHERE  `id` = 5 LIMIT 1 [ RunTime:0.000553s ]
[2025-11-29T14:14:02+08:00][sql] SELECT COUNT(*) AS think_count FROM `pd_user` WHERE  `inviter_id` = 10 LIMIT 1 [ RunTime:0.000869s ]
[2025-11-29T14:14:02+08:00][sql] SELECT SUM(`amount`) AS think_sum FROM `pd_recharge` WHERE  `user_id` = 10  AND `status` = 1 LIMIT 1 [ RunTime:0.000377s ]
[2025-11-29T14:14:02+08:00][sql] SELECT SUM(`amount`) AS think_sum FROM `pd_withdraw` WHERE  `user_id` = 10  AND `status` = 1 LIMIT 1 [ RunTime:0.000295s ]
[2025-11-29T14:14:02+08:00][sql] SELECT `username` FROM `pd_user` WHERE  `id` = 4 LIMIT 1 [ RunTime:0.000247s ]
[2025-11-29T14:14:02+08:00][sql] SELECT COUNT(*) AS think_count FROM `pd_user` WHERE  `inviter_id` = 9 LIMIT 1 [ RunTime:0.000264s ]
[2025-11-29T14:14:02+08:00][sql] SELECT SUM(`amount`) AS think_sum FROM `pd_recharge` WHERE  `user_id` = 9  AND `status` = 1 LIMIT 1 [ RunTime:0.000279s ]
[2025-11-29T14:14:02+08:00][sql] SELECT SUM(`amount`) AS think_sum FROM `pd_withdraw` WHERE  `user_id` = 9  AND `status` = 1 LIMIT 1 [ RunTime:0.000385s ]
[2025-11-29T14:14:02+08:00][sql] SELECT `username` FROM `pd_user` WHERE  `id` = 3 LIMIT 1 [ RunTime:0.000352s ]
[2025-11-29T14:14:02+08:00][sql] SELECT COUNT(*) AS think_count FROM `pd_user` WHERE  `inviter_id` = 8 LIMIT 1 [ RunTime:0.000304s ]
[2025-11-29T14:14:02+08:00][sql] SELECT SUM(`amount`) AS think_sum FROM `pd_recharge` WHERE  `user_id` = 8  AND `status` = 1 LIMIT 1 [ RunTime:0.000307s ]
[2025-11-29T14:14:02+08:00][sql] SELECT SUM(`amount`) AS think_sum FROM `pd_withdraw` WHERE  `user_id` = 8  AND `status` = 1 LIMIT 1 [ RunTime:0.000276s ]
[2025-11-29T14:14:02+08:00][sql] SELECT `username` FROM `pd_user` WHERE  `id` = 3 LIMIT 1 [ RunTime:0.000236s ]
[2025-11-29T14:14:02+08:00][sql] SELECT COUNT(*) AS think_count FROM `pd_user` WHERE  `inviter_id` = 7 LIMIT 1 [ RunTime:0.000246s ]
[2025-11-29T14:14:02+08:00][sql] SELECT SUM(`amount`) AS think_sum FROM `pd_recharge` WHERE  `user_id` = 7  AND `status` = 1 LIMIT 1 [ RunTime:0.000255s ]
[2025-11-29T14:14:02+08:00][sql] SELECT SUM(`amount`) AS think_sum FROM `pd_withdraw` WHERE  `user_id` = 7  AND `status` = 1 LIMIT 1 [ RunTime:0.000266s ]
[2025-11-29T14:14:02+08:00][sql] SELECT `username` FROM `pd_user` WHERE  `id` = 2 LIMIT 1 [ RunTime:0.000281s ]
[2025-11-29T14:14:02+08:00][sql] SELECT COUNT(*) AS think_count FROM `pd_user` WHERE  `inviter_id` = 6 LIMIT 1 [ RunTime:0.000298s ]
[2025-11-29T14:14:02+08:00][sql] SELECT SUM(`amount`) AS think_sum FROM `pd_recharge` WHERE  `user_id` = 6  AND `status` = 1 LIMIT 1 [ RunTime:0.000328s ]
[2025-11-29T14:14:02+08:00][sql] SELECT SUM(`amount`) AS think_sum FROM `pd_withdraw` WHERE  `user_id` = 6  AND `status` = 1 LIMIT 1 [ RunTime:0.000268s ]
[2025-11-29T14:14:02+08:00][sql] SELECT `username` FROM `pd_user` WHERE  `id` = 2 LIMIT 1 [ RunTime:0.000243s ]
[2025-11-29T14:14:02+08:00][sql] SELECT COUNT(*) AS think_count FROM `pd_user` WHERE  `inviter_id` = 5 LIMIT 1 [ RunTime:0.000277s ]
[2025-11-29T14:14:02+08:00][sql] SELECT SUM(`amount`) AS think_sum FROM `pd_recharge` WHERE  `user_id` = 5  AND `status` = 1 LIMIT 1 [ RunTime:0.000362s ]
[2025-11-29T14:14:02+08:00][sql] SELECT SUM(`amount`) AS think_sum FROM `pd_withdraw` WHERE  `user_id` = 5  AND `status` = 1 LIMIT 1 [ RunTime:0.000292s ]
[2025-11-29T14:14:02+08:00][sql] SELECT `username` FROM `pd_user` WHERE  `id` = 1 LIMIT 1 [ RunTime:0.000447s ]
[2025-11-29T14:14:02+08:00][sql] SELECT COUNT(*) AS think_count FROM `pd_user` WHERE  `inviter_id` = 4 LIMIT 1 [ RunTime:0.000348s ]
[2025-11-29T14:14:02+08:00][sql] SELECT SUM(`amount`) AS think_sum FROM `pd_recharge` WHERE  `user_id` = 4  AND `status` = 1 LIMIT 1 [ RunTime:0.001064s ]
[2025-11-29T14:14:02+08:00][sql] SELECT SUM(`amount`) AS think_sum FROM `pd_withdraw` WHERE  `user_id` = 4  AND `status` = 1 LIMIT 1 [ RunTime:0.000549s ]
[2025-11-29T14:14:02+08:00][sql] SELECT `username` FROM `pd_user` WHERE  `id` = 1 LIMIT 1 [ RunTime:0.000293s ]
[2025-11-29T14:14:02+08:00][sql] SELECT COUNT(*) AS think_count FROM `pd_user` WHERE  `inviter_id` = 3 LIMIT 1 [ RunTime:0.000353s ]
[2025-11-29T14:14:02+08:00][sql] SELECT SUM(`amount`) AS think_sum FROM `pd_recharge` WHERE  `user_id` = 3  AND `status` = 1 LIMIT 1 [ RunTime:0.000291s ]
[2025-11-29T14:14:02+08:00][sql] SELECT SUM(`amount`) AS think_sum FROM `pd_withdraw` WHERE  `user_id` = 3  AND `status` = 1 LIMIT 1 [ RunTime:0.000263s ]
[2025-11-29T14:14:02+08:00][sql] SELECT `username` FROM `pd_user` WHERE  `id` = 1 LIMIT 1 [ RunTime:0.000330s ]
[2025-11-29T14:14:02+08:00][sql] SELECT COUNT(*) AS think_count FROM `pd_user` WHERE  `inviter_id` = 2 LIMIT 1 [ RunTime:0.000263s ]
[2025-11-29T14:14:02+08:00][sql] SELECT SUM(`amount`) AS think_sum FROM `pd_recharge` WHERE  `user_id` = 2  AND `status` = 1 LIMIT 1 [ RunTime:0.000285s ]
[2025-11-29T14:14:02+08:00][sql] SELECT SUM(`amount`) AS think_sum FROM `pd_withdraw` WHERE  `user_id` = 2  AND `status` = 1 LIMIT 1 [ RunTime:0.000350s ]
[2025-11-29T14:14:02+08:00][sql] SELECT COUNT(*) AS think_count FROM `pd_user` WHERE  `inviter_id` = 1 LIMIT 1 [ RunTime:0.000259s ]
[2025-11-29T14:14:02+08:00][sql] SELECT SUM(`amount`) AS think_sum FROM `pd_recharge` WHERE  `user_id` = 1  AND `status` = 1 LIMIT 1 [ RunTime:0.000255s ]
[2025-11-29T14:14:02+08:00][sql] SELECT SUM(`amount`) AS think_sum FROM `pd_withdraw` WHERE  `user_id` = 1  AND `status` = 1 LIMIT 1 [ RunTime:0.000275s ]
[2025-11-29T14:14:02+08:00][sql] CONNECT:[ UseTime:0.000619s ] mysql:host=127.0.0.1;port=3306;dbname=providence;charset=utf8mb4
[2025-11-29T14:14:02+08:00][sql] SHOW FULL COLUMNS FROM `pd_withdraw` [ RunTime:0.001500s ]
[2025-11-29T14:14:02+08:00][sql] SELECT `w`.*,`u`.`username` FROM `pd_withdraw` `w` INNER JOIN `pd_user` `u` ON `w`.`user_id`=`u`.`id` ORDER BY `w`.`id` DESC LIMIT 0,20 [ RunTime:0.000333s ]
[2025-11-29T14:14:02+08:00][sql] SELECT COUNT(*) AS think_count FROM `pd_withdraw` `w` LIMIT 1 [ RunTime:0.000203s ]
[2025-11-29T14:14:02+08:00][sql] CONNECT:[ UseTime:0.000600s ] mysql:host=127.0.0.1;port=3306;dbname=providence;charset=utf8mb4
[2025-11-29T14:14:02+08:00][sql] SHOW FULL COLUMNS FROM `pd_project` [ RunTime:0.001974s ]
[2025-11-29T14:14:02+08:00][sql] SELECT * FROM `pd_project` ORDER BY `id` DESC [ RunTime:0.000340s ]
[2025-11-29T14:14:02+08:00][sql] SHOW FULL COLUMNS FROM `pd_investment` [ RunTime:0.001241s ]
[2025-11-29T14:14:02+08:00][sql] SELECT SUM(`amount`) AS think_sum FROM `pd_investment` WHERE  `project_id` = 6  AND `status` IN (0,1) LIMIT 1 [ RunTime:0.000363s ]
[2025-11-29T14:14:02+08:00][sql] SELECT SUM(`amount`) AS think_sum FROM `pd_investment` WHERE  `project_id` = 5  AND `status` IN (0,1) LIMIT 1 [ RunTime:0.000340s ]
[2025-11-29T14:14:02+08:00][sql] SELECT SUM(`amount`) AS think_sum FROM `pd_investment` WHERE  `project_id` = 4  AND `status` IN (0,1) LIMIT 1 [ RunTime:0.000307s ]
[2025-11-29T14:14:02+08:00][sql] SELECT SUM(`amount`) AS think_sum FROM `pd_investment` WHERE  `project_id` = 3  AND `status` IN (0,1) LIMIT 1 [ RunTime:0.000365s ]
[2025-11-29T14:14:02+08:00][sql] SELECT SUM(`amount`) AS think_sum FROM `pd_investment` WHERE  `project_id` = 1  AND `status` IN (0,1) LIMIT 1 [ RunTime:0.000254s ]
[2025-11-29T14:14:02+08:00][sql] CONNECT:[ UseTime:0.000551s ] mysql:host=127.0.0.1;port=3306;dbname=providence;charset=utf8mb4
[2025-11-29T14:14:02+08:00][sql] SHOW FULL COLUMNS FROM `pd_user` [ RunTime:0.002123s ]
[2025-11-29T14:14:02+08:00][sql] SELECT COUNT(*) AS think_count FROM `pd_user` LIMIT 1 [ RunTime:0.000343s ]
[2025-11-29T14:14:02+08:00][sql] SHOW FULL COLUMNS FROM `pd_recharge` [ RunTime:0.001331s ]
[2025-11-29T14:14:02+08:00][sql] SELECT SUM(`amount`) AS think_sum FROM `pd_recharge` WHERE  `create_time` BETWEEN '2025-11-29 00:00:00' AND '2025-11-29 23:59:59'  AND `status` = 1 LIMIT 1 [ RunTime:0.000326s ]
[2025-11-29T14:14:02+08:00][sql] SHOW FULL COLUMNS FROM `pd_withdraw` [ RunTime:0.001197s ]
[2025-11-29T14:14:02+08:00][sql] SELECT SUM(`amount`) AS think_sum FROM `pd_withdraw` WHERE  `create_time` BETWEEN '2025-11-29 00:00:00' AND '2025-11-29 23:59:59'  AND `status` = 1 LIMIT 1 [ RunTime:0.000511s ]
[2025-11-29T14:14:02+08:00][sql] SHOW FULL COLUMNS FROM `pd_project` [ RunTime:0.001389s ]
[2025-11-29T14:14:02+08:00][sql] SELECT COUNT(*) AS think_count FROM `pd_project` WHERE  `status` = 1 LIMIT 1 [ RunTime:0.000310s ]
[2025-11-29T14:14:02+08:00][sql] SELECT COUNT(*) AS think_count FROM `pd_user` WHERE  `create_time` BETWEEN '2025-11-29 00:00:00' AND '2025-11-29 23:59:59' LIMIT 1 [ RunTime:0.000220s ]
[2025-11-29T14:14:02+08:00][sql] SHOW FULL COLUMNS FROM `pd_investment` [ RunTime:0.001383s ]
[2025-11-29T14:14:02+08:00][sql] SELECT SUM(`amount`) AS think_sum FROM `pd_investment` WHERE  `status` = 1 LIMIT 1 [ RunTime:0.000778s ]
[2025-11-29T14:14:02+08:00][sql] SELECT COUNT(*) AS think_count FROM `pd_recharge` WHERE  `status` = 0 LIMIT 1 [ RunTime:0.000331s ]
[2025-11-29T14:14:02+08:00][sql] SELECT COUNT(*) AS think_count FROM `pd_withdraw` WHERE  `status` = 0 LIMIT 1 [ RunTime:0.000284s ]
[2025-11-29T14:14:02+08:00][sql] SELECT SUM(`amount`) AS think_sum FROM `pd_investment` WHERE  `create_time` BETWEEN '2025-11-29 00:00:00' AND '2025-11-29 23:59:59' LIMIT 1 [ RunTime:0.000306s ]
[2025-11-29T14:14:02+08:00][sql] SELECT COUNT(*) AS think_count FROM `pd_user` WHERE  `last_login_time` BETWEEN '2025-11-29 00:00:00' AND '2025-11-29 23:59:59' LIMIT 1 [ RunTime:0.000273s ]
[2025-11-29T14:14:02+08:00][sql] CONNECT:[ UseTime:0.001052s ] mysql:host=127.0.0.1;port=3306;dbname=providence;charset=utf8mb4
[2025-11-29T14:14:02+08:00][sql] SHOW FULL COLUMNS FROM `pd_recharge` [ RunTime:0.002753s ]
[2025-11-29T14:14:02+08:00][sql] SELECT `r`.`id`,`r`.`amount`,`r`.`create_time`,`u`.`username` FROM `pd_recharge` `r` INNER JOIN `pd_user` `u` ON `r`.`user_id`=`u`.`id` WHERE  `r`.`status` = '0' ORDER BY `r`.`id` DESC LIMIT 5 [ RunTime:0.000699s ]
[2025-11-29T14:14:02+08:00][sql] SHOW FULL COLUMNS FROM `pd_withdraw` [ RunTime:0.001446s ]
[2025-11-29T14:14:02+08:00][sql] SELECT `w`.`id`,`w`.`amount`,`w`.`create_time`,`u`.`username` FROM `pd_withdraw` `w` INNER JOIN `pd_user` `u` ON `w`.`user_id`=`u`.`id` WHERE  `w`.`status` = '0' ORDER BY `w`.`id` DESC LIMIT 5 [ RunTime:0.000298s ]
[2025-11-29T14:14:02+08:00][sql] CONNECT:[ UseTime:0.000618s ] mysql:host=127.0.0.1;port=3306;dbname=providence;charset=utf8mb4
[2025-11-29T14:14:02+08:00][sql] SHOW FULL COLUMNS FROM `pd_recharge` [ RunTime:0.001831s ]
[2025-11-29T14:14:02+08:00][sql] SELECT `r`.*,`u`.`username` FROM `pd_recharge` `r` INNER JOIN `pd_user` `u` ON `r`.`user_id`=`u`.`id` ORDER BY `r`.`id` DESC LIMIT 0,20 [ RunTime:0.000422s ]
[2025-11-29T14:14:02+08:00][sql] SELECT COUNT(*) AS think_count FROM `pd_recharge` `r` LIMIT 1 [ RunTime:0.000237s ]
[2025-11-29T14:14:02+08:00][sql] CONNECT:[ UseTime:0.000998s ] mysql:host=127.0.0.1;port=3306;dbname=providence;charset=utf8mb4
[2025-11-29T14:14:02+08:00][sql] CONNECT:[ UseTime:0.000558s ] mysql:host=127.0.0.1;port=3306;dbname=providence;charset=utf8mb4
[2025-11-29T14:14:02+08:00][sql] SHOW FULL COLUMNS FROM `pd_system_config` [ RunTime:0.004551s ]
[2025-11-29T14:14:02+08:00][sql] SELECT * FROM `pd_system_config` [ RunTime:0.002410s ]
[2025-11-29T14:14:02+08:00][sql] CONNECT:[ UseTime:0.000583s ] mysql:host=127.0.0.1;port=3306;dbname=providence;charset=utf8mb4
[2025-11-29T14:14:02+08:00][sql] CONNECT:[ UseTime:0.000494s ] mysql:host=127.0.0.1;port=3306;dbname=providence;charset=utf8mb4
[2025-11-29T14:14:02+08:00][sql] SHOW FULL COLUMNS FROM `pd_recharge` [ RunTime:0.001491s ]
[2025-11-29T14:14:02+08:00][sql] SELECT `r`.`id`,`r`.`amount`,`r`.`create_time`,`u`.`username` FROM `pd_recharge` `r` INNER JOIN `pd_user` `u` ON `r`.`user_id`=`u`.`id` WHERE  `r`.`status` = '0' ORDER BY `r`.`id` DESC LIMIT 5 [ RunTime:0.000337s ]
[2025-11-29T14:14:02+08:00][sql] SHOW FULL COLUMNS FROM `pd_withdraw` [ RunTime:0.001247s ]
[2025-11-29T14:14:02+08:00][sql] SELECT `w`.`id`,`w`.`amount`,`w`.`create_time`,`u`.`username` FROM `pd_withdraw` `w` INNER JOIN `pd_user` `u` ON `w`.`user_id`=`u`.`id` WHERE  `w`.`status` = '0' ORDER BY `w`.`id` DESC LIMIT 5 [ RunTime:0.000872s ]
[2025-11-29T14:14:03+08:00][sql] CONNECT:[ UseTime:0.001909s ] mysql:host=127.0.0.1;port=3306;dbname=providence;charset=utf8mb4
[2025-11-29T14:14:05+08:00][sql] CONNECT:[ UseTime:0.000767s ] mysql:host=127.0.0.1;port=3306;dbname=providence;charset=utf8mb4
[2025-11-29T14:14:05+08:00][sql] SHOW FULL COLUMNS FROM `pd_project` [ RunTime:0.002409s ]
[2025-11-29T14:14:05+08:00][sql] SELECT * FROM `pd_project` ORDER BY `id` DESC [ RunTime:0.003444s ]
[2025-11-29T14:14:05+08:00][sql] SHOW FULL COLUMNS FROM `pd_investment` [ RunTime:0.002078s ]
[2025-11-29T14:14:05+08:00][sql] SELECT SUM(`amount`) AS think_sum FROM `pd_investment` WHERE  `project_id` = 6  AND `status` IN (0,1) LIMIT 1 [ RunTime:0.000642s ]
[2025-11-29T14:14:05+08:00][sql] SELECT SUM(`amount`) AS think_sum FROM `pd_investment` WHERE  `project_id` = 5  AND `status` IN (0,1) LIMIT 1 [ RunTime:0.000436s ]
[2025-11-29T14:14:05+08:00][sql] SELECT SUM(`amount`) AS think_sum FROM `pd_investment` WHERE  `project_id` = 4  AND `status` IN (0,1) LIMIT 1 [ RunTime:0.000404s ]
[2025-11-29T14:14:05+08:00][sql] SELECT SUM(`amount`) AS think_sum FROM `pd_investment` WHERE  `project_id` = 3  AND `status` IN (0,1) LIMIT 1 [ RunTime:0.000670s ]
[2025-11-29T14:14:05+08:00][sql] SELECT SUM(`amount`) AS think_sum FROM `pd_investment` WHERE  `project_id` = 1  AND `status` IN (0,1) LIMIT 1 [ RunTime:0.001101s ]
[2025-11-29T14:14:54+08:00][sql] CONNECT:[ UseTime:0.000786s ] mysql:host=127.0.0.1;port=3306;dbname=providence;charset=utf8mb4
[2025-11-29T14:14:54+08:00][sql] SHOW FULL COLUMNS FROM `pd_user` [ RunTime:0.002209s ]
[2025-11-29T14:14:54+08:00][sql] SELECT COUNT(*) AS think_count FROM `pd_user` LIMIT 1 [ RunTime:0.000577s ]
[2025-11-29T14:14:54+08:00][sql] SHOW FULL COLUMNS FROM `pd_recharge` [ RunTime:0.001882s ]
[2025-11-29T14:14:54+08:00][sql] SELECT SUM(`amount`) AS think_sum FROM `pd_recharge` WHERE  `create_time` BETWEEN '2025-11-29 00:00:00' AND '2025-11-29 23:59:59'  AND `status` = 1 LIMIT 1 [ RunTime:0.000922s ]
[2025-11-29T14:14:54+08:00][sql] SHOW FULL COLUMNS FROM `pd_withdraw` [ RunTime:0.004246s ]
[2025-11-29T14:14:54+08:00][sql] SELECT SUM(`amount`) AS think_sum FROM `pd_withdraw` WHERE  `create_time` BETWEEN '2025-11-29 00:00:00' AND '2025-11-29 23:59:59'  AND `status` = 1 LIMIT 1 [ RunTime:0.000877s ]
[2025-11-29T14:14:54+08:00][sql] SHOW FULL COLUMNS FROM `pd_project` [ RunTime:0.005455s ]
[2025-11-29T14:14:54+08:00][sql] SELECT COUNT(*) AS think_count FROM `pd_project` WHERE  `status` = 1 LIMIT 1 [ RunTime:0.000742s ]
[2025-11-29T14:14:54+08:00][sql] SELECT COUNT(*) AS think_count FROM `pd_user` WHERE  `create_time` BETWEEN '2025-11-29 00:00:00' AND '2025-11-29 23:59:59' LIMIT 1 [ RunTime:0.000338s ]
[2025-11-29T14:14:54+08:00][sql] SHOW FULL COLUMNS FROM `pd_investment` [ RunTime:0.001998s ]
[2025-11-29T14:14:54+08:00][sql] SELECT SUM(`amount`) AS think_sum FROM `pd_investment` WHERE  `status` = 1 LIMIT 1 [ RunTime:0.000639s ]
[2025-11-29T14:14:54+08:00][sql] SELECT COUNT(*) AS think_count FROM `pd_recharge` WHERE  `status` = 0 LIMIT 1 [ RunTime:0.000372s ]
[2025-11-29T14:14:54+08:00][sql] SELECT COUNT(*) AS think_count FROM `pd_withdraw` WHERE  `status` = 0 LIMIT 1 [ RunTime:0.000328s ]
[2025-11-29T14:14:54+08:00][sql] SELECT SUM(`amount`) AS think_sum FROM `pd_investment` WHERE  `create_time` BETWEEN '2025-11-29 00:00:00' AND '2025-11-29 23:59:59' LIMIT 1 [ RunTime:0.000315s ]
[2025-11-29T14:14:54+08:00][sql] SELECT COUNT(*) AS think_count FROM `pd_user` WHERE  `last_login_time` BETWEEN '2025-11-29 00:00:00' AND '2025-11-29 23:59:59' LIMIT 1 [ RunTime:0.000384s ]
[2025-11-29T14:14:54+08:00][sql] CONNECT:[ UseTime:0.000774s ] mysql:host=127.0.0.1;port=3306;dbname=providence;charset=utf8mb4
[2025-11-29T14:14:54+08:00][sql] SHOW FULL COLUMNS FROM `pd_admins` [ RunTime:0.003662s ]
[2025-11-29T14:14:54+08:00][sql] SELECT * FROM `pd_admins` WHERE  `id` = 1  AND `status` = 1 LIMIT 1 [ RunTime:0.000596s ]
[2025-11-29T14:14:54+08:00][sql] CONNECT:[ UseTime:0.000659s ] mysql:host=127.0.0.1;port=3306;dbname=providence;charset=utf8mb4
[2025-11-29T14:14:54+08:00][sql] SHOW FULL COLUMNS FROM `pd_user` [ RunTime:0.001842s ]
[2025-11-29T14:14:54+08:00][sql] SELECT * FROM `pd_user` ORDER BY `id` DESC LIMIT 0,20 [ RunTime:0.000570s ]
[2025-11-29T14:14:54+08:00][sql] SHOW FULL COLUMNS FROM `pd_recharge` [ RunTime:0.001577s ]
[2025-11-29T14:14:54+08:00][sql] SELECT SUM(`amount`) AS think_sum FROM `pd_recharge` WHERE  `user_id` = 10  AND `status` = 1 LIMIT 1 [ RunTime:0.000467s ]
[2025-11-29T14:14:54+08:00][sql] SHOW FULL COLUMNS FROM `pd_withdraw` [ RunTime:0.001437s ]
[2025-11-29T14:14:54+08:00][sql] SELECT SUM(`amount`) AS think_sum FROM `pd_withdraw` WHERE  `user_id` = 10  AND `status` = 1 LIMIT 1 [ RunTime:0.000420s ]
[2025-11-29T14:14:54+08:00][sql] SELECT `username` FROM `pd_user` WHERE  `id` = 5 LIMIT 1 [ RunTime:0.000290s ]
[2025-11-29T14:14:54+08:00][sql] SELECT SUM(`amount`) AS think_sum FROM `pd_recharge` WHERE  `user_id` = 9  AND `status` = 1 LIMIT 1 [ RunTime:0.000474s ]
[2025-11-29T14:14:54+08:00][sql] SELECT SUM(`amount`) AS think_sum FROM `pd_withdraw` WHERE  `user_id` = 9  AND `status` = 1 LIMIT 1 [ RunTime:0.000773s ]
[2025-11-29T14:14:54+08:00][sql] SELECT `username` FROM `pd_user` WHERE  `id` = 4 LIMIT 1 [ RunTime:0.000436s ]
[2025-11-29T14:14:54+08:00][sql] SELECT SUM(`amount`) AS think_sum FROM `pd_recharge` WHERE  `user_id` = 8  AND `status` = 1 LIMIT 1 [ RunTime:0.000353s ]
[2025-11-29T14:14:54+08:00][sql] SELECT SUM(`amount`) AS think_sum FROM `pd_withdraw` WHERE  `user_id` = 8  AND `status` = 1 LIMIT 1 [ RunTime:0.000346s ]
[2025-11-29T14:14:54+08:00][sql] SELECT `username` FROM `pd_user` WHERE  `id` = 3 LIMIT 1 [ RunTime:0.000346s ]
[2025-11-29T14:14:54+08:00][sql] SELECT SUM(`amount`) AS think_sum FROM `pd_recharge` WHERE  `user_id` = 7  AND `status` = 1 LIMIT 1 [ RunTime:0.000316s ]
[2025-11-29T14:14:54+08:00][sql] SELECT SUM(`amount`) AS think_sum FROM `pd_withdraw` WHERE  `user_id` = 7  AND `status` = 1 LIMIT 1 [ RunTime:0.000319s ]
[2025-11-29T14:14:54+08:00][sql] SELECT `username` FROM `pd_user` WHERE  `id` = 3 LIMIT 1 [ RunTime:0.000434s ]
[2025-11-29T14:14:54+08:00][sql] SELECT SUM(`amount`) AS think_sum FROM `pd_recharge` WHERE  `user_id` = 6  AND `status` = 1 LIMIT 1 [ RunTime:0.000735s ]
[2025-11-29T14:14:54+08:00][sql] SELECT SUM(`amount`) AS think_sum FROM `pd_withdraw` WHERE  `user_id` = 6  AND `status` = 1 LIMIT 1 [ RunTime:0.000469s ]
[2025-11-29T14:14:54+08:00][sql] SELECT `username` FROM `pd_user` WHERE  `id` = 2 LIMIT 1 [ RunTime:0.000349s ]
[2025-11-29T14:14:54+08:00][sql] SELECT SUM(`amount`) AS think_sum FROM `pd_recharge` WHERE  `user_id` = 5  AND `status` = 1 LIMIT 1 [ RunTime:0.000387s ]
[2025-11-29T14:14:54+08:00][sql] SELECT SUM(`amount`) AS think_sum FROM `pd_withdraw` WHERE  `user_id` = 5  AND `status` = 1 LIMIT 1 [ RunTime:0.000320s ]
[2025-11-29T14:14:54+08:00][sql] SELECT `username` FROM `pd_user` WHERE  `id` = 2 LIMIT 1 [ RunTime:0.000268s ]
[2025-11-29T14:14:54+08:00][sql] SELECT SUM(`amount`) AS think_sum FROM `pd_recharge` WHERE  `user_id` = 4  AND `status` = 1 LIMIT 1 [ RunTime:0.000287s ]
[2025-11-29T14:14:54+08:00][sql] SELECT SUM(`amount`) AS think_sum FROM `pd_withdraw` WHERE  `user_id` = 4  AND `status` = 1 LIMIT 1 [ RunTime:0.000299s ]
[2025-11-29T14:14:54+08:00][sql] SELECT `username` FROM `pd_user` WHERE  `id` = 1 LIMIT 1 [ RunTime:0.000285s ]
[2025-11-29T14:14:54+08:00][sql] SELECT SUM(`amount`) AS think_sum FROM `pd_recharge` WHERE  `user_id` = 3  AND `status` = 1 LIMIT 1 [ RunTime:0.000383s ]
[2025-11-29T14:14:54+08:00][sql] SELECT SUM(`amount`) AS think_sum FROM `pd_withdraw` WHERE  `user_id` = 3  AND `status` = 1 LIMIT 1 [ RunTime:0.000349s ]
[2025-11-29T14:14:54+08:00][sql] SELECT `username` FROM `pd_user` WHERE  `id` = 1 LIMIT 1 [ RunTime:0.000295s ]
[2025-11-29T14:14:54+08:00][sql] SELECT SUM(`amount`) AS think_sum FROM `pd_recharge` WHERE  `user_id` = 2  AND `status` = 1 LIMIT 1 [ RunTime:0.000456s ]
[2025-11-29T14:14:54+08:00][sql] SELECT SUM(`amount`) AS think_sum FROM `pd_withdraw` WHERE  `user_id` = 2  AND `status` = 1 LIMIT 1 [ RunTime:0.000359s ]
[2025-11-29T14:14:54+08:00][sql] SELECT `username` FROM `pd_user` WHERE  `id` = 1 LIMIT 1 [ RunTime:0.000278s ]
[2025-11-29T14:14:54+08:00][sql] SELECT SUM(`amount`) AS think_sum FROM `pd_recharge` WHERE  `user_id` = 1  AND `status` = 1 LIMIT 1 [ RunTime:0.000564s ]
[2025-11-29T14:14:54+08:00][sql] SELECT SUM(`amount`) AS think_sum FROM `pd_withdraw` WHERE  `user_id` = 1  AND `status` = 1 LIMIT 1 [ RunTime:0.000469s ]
[2025-11-29T14:14:54+08:00][sql] SELECT COUNT(*) AS think_count FROM `pd_user` LIMIT 1 [ RunTime:0.000327s ]
[2025-11-29T14:14:54+08:00][sql] SELECT `username` FROM `pd_user` WHERE  `id` = 5 LIMIT 1 [ RunTime:0.000398s ]
[2025-11-29T14:14:54+08:00][sql] SELECT COUNT(*) AS think_count FROM `pd_user` WHERE  `inviter_id` = 10 LIMIT 1 [ RunTime:0.000310s ]
[2025-11-29T14:14:54+08:00][sql] SELECT SUM(`amount`) AS think_sum FROM `pd_recharge` WHERE  `user_id` = 10  AND `status` = 1 LIMIT 1 [ RunTime:0.000360s ]
[2025-11-29T14:14:54+08:00][sql] SELECT SUM(`amount`) AS think_sum FROM `pd_withdraw` WHERE  `user_id` = 10  AND `status` = 1 LIMIT 1 [ RunTime:0.000785s ]
[2025-11-29T14:14:54+08:00][sql] SELECT `username` FROM `pd_user` WHERE  `id` = 4 LIMIT 1 [ RunTime:0.000487s ]
[2025-11-29T14:14:54+08:00][sql] SELECT COUNT(*) AS think_count FROM `pd_user` WHERE  `inviter_id` = 9 LIMIT 1 [ RunTime:0.000381s ]
[2025-11-29T14:14:54+08:00][sql] SELECT SUM(`amount`) AS think_sum FROM `pd_recharge` WHERE  `user_id` = 9  AND `status` = 1 LIMIT 1 [ RunTime:0.000414s ]
[2025-11-29T14:14:54+08:00][sql] SELECT SUM(`amount`) AS think_sum FROM `pd_withdraw` WHERE  `user_id` = 9  AND `status` = 1 LIMIT 1 [ RunTime:0.000394s ]
[2025-11-29T14:14:54+08:00][sql] SELECT `username` FROM `pd_user` WHERE  `id` = 3 LIMIT 1 [ RunTime:0.000331s ]
[2025-11-29T14:14:54+08:00][sql] SELECT COUNT(*) AS think_count FROM `pd_user` WHERE  `inviter_id` = 8 LIMIT 1 [ RunTime:0.000287s ]
[2025-11-29T14:14:54+08:00][sql] SELECT SUM(`amount`) AS think_sum FROM `pd_recharge` WHERE  `user_id` = 8  AND `status` = 1 LIMIT 1 [ RunTime:0.000328s ]
[2025-11-29T14:14:54+08:00][sql] SELECT SUM(`amount`) AS think_sum FROM `pd_withdraw` WHERE  `user_id` = 8  AND `status` = 1 LIMIT 1 [ RunTime:0.000354s ]
[2025-11-29T14:14:54+08:00][sql] SELECT `username` FROM `pd_user` WHERE  `id` = 3 LIMIT 1 [ RunTime:0.000264s ]
[2025-11-29T14:14:54+08:00][sql] SELECT COUNT(*) AS think_count FROM `pd_user` WHERE  `inviter_id` = 7 LIMIT 1 [ RunTime:0.000331s ]
[2025-11-29T14:14:54+08:00][sql] SELECT SUM(`amount`) AS think_sum FROM `pd_recharge` WHERE  `user_id` = 7  AND `status` = 1 LIMIT 1 [ RunTime:0.000353s ]
[2025-11-29T14:14:54+08:00][sql] SELECT SUM(`amount`) AS think_sum FROM `pd_withdraw` WHERE  `user_id` = 7  AND `status` = 1 LIMIT 1 [ RunTime:0.000323s ]
[2025-11-29T14:14:54+08:00][sql] SELECT `username` FROM `pd_user` WHERE  `id` = 2 LIMIT 1 [ RunTime:0.000307s ]
[2025-11-29T14:14:54+08:00][sql] SELECT COUNT(*) AS think_count FROM `pd_user` WHERE  `inviter_id` = 6 LIMIT 1 [ RunTime:0.000308s ]
[2025-11-29T14:14:54+08:00][sql] SELECT SUM(`amount`) AS think_sum FROM `pd_recharge` WHERE  `user_id` = 6  AND `status` = 1 LIMIT 1 [ RunTime:0.000314s ]
[2025-11-29T14:14:54+08:00][sql] SELECT SUM(`amount`) AS think_sum FROM `pd_withdraw` WHERE  `user_id` = 6  AND `status` = 1 LIMIT 1 [ RunTime:0.000282s ]
[2025-11-29T14:14:54+08:00][sql] SELECT `username` FROM `pd_user` WHERE  `id` = 2 LIMIT 1 [ RunTime:0.000277s ]
[2025-11-29T14:14:54+08:00][sql] SELECT COUNT(*) AS think_count FROM `pd_user` WHERE  `inviter_id` = 5 LIMIT 1 [ RunTime:0.000281s ]
[2025-11-29T14:14:54+08:00][sql] SELECT SUM(`amount`) AS think_sum FROM `pd_recharge` WHERE  `user_id` = 5  AND `status` = 1 LIMIT 1 [ RunTime:0.000335s ]
[2025-11-29T14:14:54+08:00][sql] SELECT SUM(`amount`) AS think_sum FROM `pd_withdraw` WHERE  `user_id` = 5  AND `status` = 1 LIMIT 1 [ RunTime:0.000467s ]
[2025-11-29T14:14:54+08:00][sql] SELECT `username` FROM `pd_user` WHERE  `id` = 1 LIMIT 1 [ RunTime:0.000323s ]
[2025-11-29T14:14:54+08:00][sql] SELECT COUNT(*) AS think_count FROM `pd_user` WHERE  `inviter_id` = 4 LIMIT 1 [ RunTime:0.000381s ]
[2025-11-29T14:14:54+08:00][sql] SELECT SUM(`amount`) AS think_sum FROM `pd_recharge` WHERE  `user_id` = 4  AND `status` = 1 LIMIT 1 [ RunTime:0.000421s ]
[2025-11-29T14:14:54+08:00][sql] SELECT SUM(`amount`) AS think_sum FROM `pd_withdraw` WHERE  `user_id` = 4  AND `status` = 1 LIMIT 1 [ RunTime:0.000364s ]
[2025-11-29T14:14:54+08:00][sql] SELECT `username` FROM `pd_user` WHERE  `id` = 1 LIMIT 1 [ RunTime:0.000278s ]
[2025-11-29T14:14:54+08:00][sql] SELECT COUNT(*) AS think_count FROM `pd_user` WHERE  `inviter_id` = 3 LIMIT 1 [ RunTime:0.000291s ]
[2025-11-29T14:14:54+08:00][sql] SELECT SUM(`amount`) AS think_sum FROM `pd_recharge` WHERE  `user_id` = 3  AND `status` = 1 LIMIT 1 [ RunTime:0.000261s ]
[2025-11-29T14:14:54+08:00][sql] SELECT SUM(`amount`) AS think_sum FROM `pd_withdraw` WHERE  `user_id` = 3  AND `status` = 1 LIMIT 1 [ RunTime:0.000292s ]
[2025-11-29T14:14:54+08:00][sql] SELECT `username` FROM `pd_user` WHERE  `id` = 1 LIMIT 1 [ RunTime:0.000324s ]
[2025-11-29T14:14:54+08:00][sql] SELECT COUNT(*) AS think_count FROM `pd_user` WHERE  `inviter_id` = 2 LIMIT 1 [ RunTime:0.000513s ]
[2025-11-29T14:14:54+08:00][sql] SELECT SUM(`amount`) AS think_sum FROM `pd_recharge` WHERE  `user_id` = 2  AND `status` = 1 LIMIT 1 [ RunTime:0.000275s ]
[2025-11-29T14:14:54+08:00][sql] SELECT SUM(`amount`) AS think_sum FROM `pd_withdraw` WHERE  `user_id` = 2  AND `status` = 1 LIMIT 1 [ RunTime:0.000229s ]
[2025-11-29T14:14:54+08:00][sql] SELECT COUNT(*) AS think_count FROM `pd_user` WHERE  `inviter_id` = 1 LIMIT 1 [ RunTime:0.000192s ]
[2025-11-29T14:14:54+08:00][sql] SELECT SUM(`amount`) AS think_sum FROM `pd_recharge` WHERE  `user_id` = 1  AND `status` = 1 LIMIT 1 [ RunTime:0.000221s ]
[2025-11-29T14:14:54+08:00][sql] SELECT SUM(`amount`) AS think_sum FROM `pd_withdraw` WHERE  `user_id` = 1  AND `status` = 1 LIMIT 1 [ RunTime:0.000191s ]
[2025-11-29T14:14:54+08:00][sql] CONNECT:[ UseTime:0.000861s ] mysql:host=127.0.0.1;port=3306;dbname=providence;charset=utf8mb4
[2025-11-29T14:14:54+08:00][sql] SHOW FULL COLUMNS FROM `pd_recharge` [ RunTime:0.002371s ]
[2025-11-29T14:14:54+08:00][sql] SELECT `r`.*,`u`.`username` FROM `pd_recharge` `r` INNER JOIN `pd_user` `u` ON `r`.`user_id`=`u`.`id` ORDER BY `r`.`id` DESC LIMIT 0,20 [ RunTime:0.000253s ]
[2025-11-29T14:14:54+08:00][sql] SELECT COUNT(*) AS think_count FROM `pd_recharge` `r` LIMIT 1 [ RunTime:0.000161s ]
[2025-11-29T14:14:54+08:00][sql] CONNECT:[ UseTime:0.000612s ] mysql:host=127.0.0.1;port=3306;dbname=providence;charset=utf8mb4
[2025-11-29T14:14:54+08:00][sql] SHOW FULL COLUMNS FROM `pd_withdraw` [ RunTime:0.001816s ]
[2025-11-29T14:14:54+08:00][sql] SELECT `w`.*,`u`.`username` FROM `pd_withdraw` `w` INNER JOIN `pd_user` `u` ON `w`.`user_id`=`u`.`id` ORDER BY `w`.`id` DESC LIMIT 0,20 [ RunTime:0.000643s ]
[2025-11-29T14:14:54+08:00][sql] SELECT COUNT(*) AS think_count FROM `pd_withdraw` `w` LIMIT 1 [ RunTime:0.000259s ]
[2025-11-29T14:14:54+08:00][sql] CONNECT:[ UseTime:0.000718s ] mysql:host=127.0.0.1;port=3306;dbname=providence;charset=utf8mb4
[2025-11-29T14:14:54+08:00][sql] SHOW FULL COLUMNS FROM `pd_project` [ RunTime:0.001779s ]
[2025-11-29T14:14:54+08:00][sql] SELECT * FROM `pd_project` ORDER BY `id` DESC [ RunTime:0.000519s ]
[2025-11-29T14:14:54+08:00][sql] SHOW FULL COLUMNS FROM `pd_investment` [ RunTime:0.001692s ]
[2025-11-29T14:14:54+08:00][sql] SELECT SUM(`amount`) AS think_sum FROM `pd_investment` WHERE  `project_id` = 6  AND `status` IN (0,1) LIMIT 1 [ RunTime:0.000577s ]
[2025-11-29T14:14:54+08:00][sql] SELECT SUM(`amount`) AS think_sum FROM `pd_investment` WHERE  `project_id` = 5  AND `status` IN (0,1) LIMIT 1 [ RunTime:0.000318s ]
[2025-11-29T14:14:54+08:00][sql] SELECT SUM(`amount`) AS think_sum FROM `pd_investment` WHERE  `project_id` = 4  AND `status` IN (0,1) LIMIT 1 [ RunTime:0.000414s ]
[2025-11-29T14:14:54+08:00][sql] SELECT SUM(`amount`) AS think_sum FROM `pd_investment` WHERE  `project_id` = 3  AND `status` IN (0,1) LIMIT 1 [ RunTime:0.000351s ]
[2025-11-29T14:14:54+08:00][sql] SELECT SUM(`amount`) AS think_sum FROM `pd_investment` WHERE  `project_id` = 1  AND `status` IN (0,1) LIMIT 1 [ RunTime:0.000405s ]
[2025-11-29T14:14:54+08:00][sql] CONNECT:[ UseTime:0.000938s ] mysql:host=127.0.0.1;port=3306;dbname=providence;charset=utf8mb4
[2025-11-29T14:14:54+08:00][sql] CONNECT:[ UseTime:0.000558s ] mysql:host=127.0.0.1;port=3306;dbname=providence;charset=utf8mb4
[2025-11-29T14:14:54+08:00][sql] SHOW FULL COLUMNS FROM `pd_system_config` [ RunTime:0.001423s ]
[2025-11-29T14:14:54+08:00][sql] SELECT * FROM `pd_system_config` [ RunTime:0.000352s ]
[2025-11-29T14:14:54+08:00][sql] CONNECT:[ UseTime:0.000595s ] mysql:host=127.0.0.1;port=3306;dbname=providence;charset=utf8mb4
[2025-11-29T14:14:54+08:00][sql] CONNECT:[ UseTime:0.000628s ] mysql:host=127.0.0.1;port=3306;dbname=providence;charset=utf8mb4
[2025-11-29T14:14:54+08:00][sql] SHOW FULL COLUMNS FROM `pd_user` [ RunTime:0.001865s ]
[2025-11-29T14:14:54+08:00][sql] SELECT COUNT(*) AS think_count FROM `pd_user` LIMIT 1 [ RunTime:0.000407s ]
[2025-11-29T14:14:54+08:00][sql] SHOW FULL COLUMNS FROM `pd_recharge` [ RunTime:0.001451s ]
[2025-11-29T14:14:54+08:00][sql] SELECT SUM(`amount`) AS think_sum FROM `pd_recharge` WHERE  `create_time` BETWEEN '2025-11-29 00:00:00' AND '2025-11-29 23:59:59'  AND `status` = 1 LIMIT 1 [ RunTime:0.000436s ]
[2025-11-29T14:14:54+08:00][sql] SHOW FULL COLUMNS FROM `pd_withdraw` [ RunTime:0.001471s ]
[2025-11-29T14:14:54+08:00][sql] SELECT SUM(`amount`) AS think_sum FROM `pd_withdraw` WHERE  `create_time` BETWEEN '2025-11-29 00:00:00' AND '2025-11-29 23:59:59'  AND `status` = 1 LIMIT 1 [ RunTime:0.000573s ]
[2025-11-29T14:14:54+08:00][sql] SHOW FULL COLUMNS FROM `pd_project` [ RunTime:0.001654s ]
[2025-11-29T14:14:54+08:00][sql] SELECT COUNT(*) AS think_count FROM `pd_project` WHERE  `status` = 1 LIMIT 1 [ RunTime:0.000381s ]
[2025-11-29T14:14:54+08:00][sql] SELECT COUNT(*) AS think_count FROM `pd_user` WHERE  `create_time` BETWEEN '2025-11-29 00:00:00' AND '2025-11-29 23:59:59' LIMIT 1 [ RunTime:0.000262s ]
[2025-11-29T14:14:54+08:00][sql] SHOW FULL COLUMNS FROM `pd_investment` [ RunTime:0.002188s ]
[2025-11-29T14:14:54+08:00][sql] SELECT SUM(`amount`) AS think_sum FROM `pd_investment` WHERE  `status` = 1 LIMIT 1 [ RunTime:0.000739s ]
[2025-11-29T14:14:54+08:00][sql] SELECT COUNT(*) AS think_count FROM `pd_recharge` WHERE  `status` = 0 LIMIT 1 [ RunTime:0.000337s ]
[2025-11-29T14:14:54+08:00][sql] SELECT COUNT(*) AS think_count FROM `pd_withdraw` WHERE  `status` = 0 LIMIT 1 [ RunTime:0.000314s ]
[2025-11-29T14:14:54+08:00][sql] SELECT SUM(`amount`) AS think_sum FROM `pd_investment` WHERE  `create_time` BETWEEN '2025-11-29 00:00:00' AND '2025-11-29 23:59:59' LIMIT 1 [ RunTime:0.000285s ]
[2025-11-29T14:14:54+08:00][sql] SELECT COUNT(*) AS think_count FROM `pd_user` WHERE  `last_login_time` BETWEEN '2025-11-29 00:00:00' AND '2025-11-29 23:59:59' LIMIT 1 [ RunTime:0.000343s ]
[2025-11-29T14:14:54+08:00][sql] CONNECT:[ UseTime:0.001024s ] mysql:host=127.0.0.1;port=3306;dbname=providence;charset=utf8mb4
[2025-11-29T14:14:54+08:00][sql] SHOW FULL COLUMNS FROM `pd_recharge` [ RunTime:0.002785s ]
[2025-11-29T14:14:54+08:00][sql] SELECT `r`.`id`,`r`.`amount`,`r`.`create_time`,`u`.`username` FROM `pd_recharge` `r` INNER JOIN `pd_user` `u` ON `r`.`user_id`=`u`.`id` WHERE  `r`.`status` = '0' ORDER BY `r`.`id` DESC LIMIT 5 [ RunTime:0.000848s ]
[2025-11-29T14:14:54+08:00][sql] SHOW FULL COLUMNS FROM `pd_withdraw` [ RunTime:0.002112s ]
[2025-11-29T14:14:54+08:00][sql] SELECT `w`.`id`,`w`.`amount`,`w`.`create_time`,`u`.`username` FROM `pd_withdraw` `w` INNER JOIN `pd_user` `u` ON `w`.`user_id`=`u`.`id` WHERE  `w`.`status` = '0' ORDER BY `w`.`id` DESC LIMIT 5 [ RunTime:0.000707s ]
[2025-11-29T14:14:54+08:00][sql] CONNECT:[ UseTime:0.000883s ] mysql:host=127.0.0.1;port=3306;dbname=providence;charset=utf8mb4
[2025-11-29T14:14:54+08:00][sql] SHOW FULL COLUMNS FROM `pd_recharge` [ RunTime:0.002234s ]
[2025-11-29T14:14:54+08:00][sql] SELECT `r`.`id`,`r`.`amount`,`r`.`create_time`,`u`.`username` FROM `pd_recharge` `r` INNER JOIN `pd_user` `u` ON `r`.`user_id`=`u`.`id` WHERE  `r`.`status` = '0' ORDER BY `r`.`id` DESC LIMIT 5 [ RunTime:0.000564s ]
[2025-11-29T14:14:54+08:00][sql] SHOW FULL COLUMNS FROM `pd_withdraw` [ RunTime:0.001573s ]
[2025-11-29T14:14:54+08:00][sql] SELECT `w`.`id`,`w`.`amount`,`w`.`create_time`,`u`.`username` FROM `pd_withdraw` `w` INNER JOIN `pd_user` `u` ON `w`.`user_id`=`u`.`id` WHERE  `w`.`status` = '0' ORDER BY `w`.`id` DESC LIMIT 5 [ RunTime:0.000450s ]
[2025-11-29T14:15:06+08:00][sql] CONNECT:[ UseTime:0.000694s ] mysql:host=127.0.0.1;port=3306;dbname=providence;charset=utf8mb4
[2025-11-29T14:15:06+08:00][sql] SHOW FULL COLUMNS FROM `pd_project` [ RunTime:0.002628s ]
[2025-11-29T14:15:06+08:00][sql] SELECT * FROM `pd_project` ORDER BY `id` DESC [ RunTime:0.001765s ]
[2025-11-29T14:15:06+08:00][sql] SHOW FULL COLUMNS FROM `pd_investment` [ RunTime:0.002233s ]
[2025-11-29T14:15:06+08:00][sql] SELECT SUM(`amount`) AS think_sum FROM `pd_investment` WHERE  `project_id` = 6  AND `status` IN (0,1) LIMIT 1 [ RunTime:0.001181s ]
[2025-11-29T14:15:06+08:00][sql] SELECT SUM(`amount`) AS think_sum FROM `pd_investment` WHERE  `project_id` = 5  AND `status` IN (0,1) LIMIT 1 [ RunTime:0.000423s ]
[2025-11-29T14:15:06+08:00][sql] SELECT SUM(`amount`) AS think_sum FROM `pd_investment` WHERE  `project_id` = 4  AND `status` IN (0,1) LIMIT 1 [ RunTime:0.000561s ]
[2025-11-29T14:15:06+08:00][sql] SELECT SUM(`amount`) AS think_sum FROM `pd_investment` WHERE  `project_id` = 3  AND `status` IN (0,1) LIMIT 1 [ RunTime:0.000692s ]
[2025-11-29T14:15:06+08:00][sql] SELECT SUM(`amount`) AS think_sum FROM `pd_investment` WHERE  `project_id` = 1  AND `status` IN (0,1) LIMIT 1 [ RunTime:0.000282s ]
[2025-11-29T14:15:36+08:00][sql] CONNECT:[ UseTime:0.000960s ] mysql:host=127.0.0.1;port=3306;dbname=providence;charset=utf8mb4
[2025-11-29T14:15:36+08:00][sql] SHOW FULL COLUMNS FROM `pd_user` [ RunTime:0.003680s ]
[2025-11-29T14:15:36+08:00][sql] SELECT COUNT(*) AS think_count FROM `pd_user` LIMIT 1 [ RunTime:0.000662s ]
[2025-11-29T14:15:36+08:00][sql] SHOW FULL COLUMNS FROM `pd_recharge` [ RunTime:0.001742s ]
[2025-11-29T14:15:36+08:00][sql] SELECT SUM(`amount`) AS think_sum FROM `pd_recharge` WHERE  `create_time` BETWEEN '2025-11-29 00:00:00' AND '2025-11-29 23:59:59'  AND `status` = 1 LIMIT 1 [ RunTime:0.000868s ]
[2025-11-29T14:15:36+08:00][sql] SHOW FULL COLUMNS FROM `pd_withdraw` [ RunTime:0.002214s ]
[2025-11-29T14:15:36+08:00][sql] SELECT SUM(`amount`) AS think_sum FROM `pd_withdraw` WHERE  `create_time` BETWEEN '2025-11-29 00:00:00' AND '2025-11-29 23:59:59'  AND `status` = 1 LIMIT 1 [ RunTime:0.000822s ]
[2025-11-29T14:15:36+08:00][sql] SHOW FULL COLUMNS FROM `pd_project` [ RunTime:0.002345s ]
[2025-11-29T14:15:36+08:00][sql] SELECT COUNT(*) AS think_count FROM `pd_project` WHERE  `status` = 1 LIMIT 1 [ RunTime:0.000790s ]
[2025-11-29T14:15:36+08:00][sql] SELECT COUNT(*) AS think_count FROM `pd_user` WHERE  `create_time` BETWEEN '2025-11-29 00:00:00' AND '2025-11-29 23:59:59' LIMIT 1 [ RunTime:0.000299s ]
[2025-11-29T14:15:36+08:00][sql] SHOW FULL COLUMNS FROM `pd_investment` [ RunTime:0.001447s ]
[2025-11-29T14:15:36+08:00][sql] SELECT SUM(`amount`) AS think_sum FROM `pd_investment` WHERE  `status` = 1 LIMIT 1 [ RunTime:0.000565s ]
[2025-11-29T14:15:36+08:00][sql] SELECT COUNT(*) AS think_count FROM `pd_recharge` WHERE  `status` = 0 LIMIT 1 [ RunTime:0.000368s ]
[2025-11-29T14:15:36+08:00][sql] SELECT COUNT(*) AS think_count FROM `pd_withdraw` WHERE  `status` = 0 LIMIT 1 [ RunTime:0.000396s ]
[2025-11-29T14:15:36+08:00][sql] SELECT SUM(`amount`) AS think_sum FROM `pd_investment` WHERE  `create_time` BETWEEN '2025-11-29 00:00:00' AND '2025-11-29 23:59:59' LIMIT 1 [ RunTime:0.000297s ]
[2025-11-29T14:15:36+08:00][sql] SELECT COUNT(*) AS think_count FROM `pd_user` WHERE  `last_login_time` BETWEEN '2025-11-29 00:00:00' AND '2025-11-29 23:59:59' LIMIT 1 [ RunTime:0.000352s ]
[2025-11-29T14:15:36+08:00][sql] CONNECT:[ UseTime:0.000944s ] mysql:host=127.0.0.1;port=3306;dbname=providence;charset=utf8mb4
[2025-11-29T14:15:36+08:00][sql] SHOW FULL COLUMNS FROM `pd_admins` [ RunTime:0.001747s ]
[2025-11-29T14:15:36+08:00][sql] SELECT * FROM `pd_admins` WHERE  `id` = 1  AND `status` = 1 LIMIT 1 [ RunTime:0.024610s ]
[2025-11-29T14:15:36+08:00][sql] CONNECT:[ UseTime:0.000977s ] mysql:host=127.0.0.1;port=3306;dbname=providence;charset=utf8mb4
[2025-11-29T14:15:36+08:00][sql] SHOW FULL COLUMNS FROM `pd_user` [ RunTime:0.002164s ]
[2025-11-29T14:15:36+08:00][sql] SELECT * FROM `pd_user` ORDER BY `id` DESC LIMIT 0,20 [ RunTime:0.000639s ]
[2025-11-29T14:15:36+08:00][sql] SHOW FULL COLUMNS FROM `pd_recharge` [ RunTime:0.001791s ]
[2025-11-29T14:15:36+08:00][sql] SELECT SUM(`amount`) AS think_sum FROM `pd_recharge` WHERE  `user_id` = 10  AND `status` = 1 LIMIT 1 [ RunTime:0.000613s ]
[2025-11-29T14:15:36+08:00][sql] SHOW FULL COLUMNS FROM `pd_withdraw` [ RunTime:0.001646s ]
[2025-11-29T14:15:36+08:00][sql] SELECT SUM(`amount`) AS think_sum FROM `pd_withdraw` WHERE  `user_id` = 10  AND `status` = 1 LIMIT 1 [ RunTime:0.000622s ]
[2025-11-29T14:15:36+08:00][sql] SELECT `username` FROM `pd_user` WHERE  `id` = 5 LIMIT 1 [ RunTime:0.000549s ]
[2025-11-29T14:15:36+08:00][sql] SELECT SUM(`amount`) AS think_sum FROM `pd_recharge` WHERE  `user_id` = 9  AND `status` = 1 LIMIT 1 [ RunTime:0.000386s ]
[2025-11-29T14:15:36+08:00][sql] SELECT SUM(`amount`) AS think_sum FROM `pd_withdraw` WHERE  `user_id` = 9  AND `status` = 1 LIMIT 1 [ RunTime:0.000511s ]
[2025-11-29T14:15:36+08:00][sql] SELECT `username` FROM `pd_user` WHERE  `id` = 4 LIMIT 1 [ RunTime:0.000321s ]
[2025-11-29T14:15:36+08:00][sql] SELECT SUM(`amount`) AS think_sum FROM `pd_recharge` WHERE  `user_id` = 8  AND `status` = 1 LIMIT 1 [ RunTime:0.000338s ]
[2025-11-29T14:15:36+08:00][sql] SELECT SUM(`amount`) AS think_sum FROM `pd_withdraw` WHERE  `user_id` = 8  AND `status` = 1 LIMIT 1 [ RunTime:0.000400s ]
[2025-11-29T14:15:36+08:00][sql] SELECT `username` FROM `pd_user` WHERE  `id` = 3 LIMIT 1 [ RunTime:0.000480s ]
[2025-11-29T14:15:36+08:00][sql] SELECT SUM(`amount`) AS think_sum FROM `pd_recharge` WHERE  `user_id` = 7  AND `status` = 1 LIMIT 1 [ RunTime:0.000407s ]
[2025-11-29T14:15:36+08:00][sql] SELECT SUM(`amount`) AS think_sum FROM `pd_withdraw` WHERE  `user_id` = 7  AND `status` = 1 LIMIT 1 [ RunTime:0.000266s ]
[2025-11-29T14:15:36+08:00][sql] SELECT `username` FROM `pd_user` WHERE  `id` = 3 LIMIT 1 [ RunTime:0.000259s ]
[2025-11-29T14:15:36+08:00][sql] SELECT SUM(`amount`) AS think_sum FROM `pd_recharge` WHERE  `user_id` = 6  AND `status` = 1 LIMIT 1 [ RunTime:0.000294s ]
[2025-11-29T14:15:36+08:00][sql] SELECT SUM(`amount`) AS think_sum FROM `pd_withdraw` WHERE  `user_id` = 6  AND `status` = 1 LIMIT 1 [ RunTime:0.000267s ]
[2025-11-29T14:15:36+08:00][sql] SELECT `username` FROM `pd_user` WHERE  `id` = 2 LIMIT 1 [ RunTime:0.000267s ]
[2025-11-29T14:15:36+08:00][sql] SELECT SUM(`amount`) AS think_sum FROM `pd_recharge` WHERE  `user_id` = 5  AND `status` = 1 LIMIT 1 [ RunTime:0.000319s ]
[2025-11-29T14:15:36+08:00][sql] SELECT SUM(`amount`) AS think_sum FROM `pd_withdraw` WHERE  `user_id` = 5  AND `status` = 1 LIMIT 1 [ RunTime:0.000338s ]
[2025-11-29T14:15:36+08:00][sql] SELECT `username` FROM `pd_user` WHERE  `id` = 2 LIMIT 1 [ RunTime:0.000334s ]
[2025-11-29T14:15:36+08:00][sql] SELECT SUM(`amount`) AS think_sum FROM `pd_recharge` WHERE  `user_id` = 4  AND `status` = 1 LIMIT 1 [ RunTime:0.000456s ]
[2025-11-29T14:15:36+08:00][sql] SELECT SUM(`amount`) AS think_sum FROM `pd_withdraw` WHERE  `user_id` = 4  AND `status` = 1 LIMIT 1 [ RunTime:0.000337s ]
[2025-11-29T14:15:36+08:00][sql] SELECT `username` FROM `pd_user` WHERE  `id` = 1 LIMIT 1 [ RunTime:0.000341s ]
[2025-11-29T14:15:36+08:00][sql] SELECT SUM(`amount`) AS think_sum FROM `pd_recharge` WHERE  `user_id` = 3  AND `status` = 1 LIMIT 1 [ RunTime:0.000805s ]
[2025-11-29T14:15:36+08:00][sql] SELECT SUM(`amount`) AS think_sum FROM `pd_withdraw` WHERE  `user_id` = 3  AND `status` = 1 LIMIT 1 [ RunTime:0.000600s ]
[2025-11-29T14:15:36+08:00][sql] SELECT `username` FROM `pd_user` WHERE  `id` = 1 LIMIT 1 [ RunTime:0.000332s ]
[2025-11-29T14:15:36+08:00][sql] SELECT SUM(`amount`) AS think_sum FROM `pd_recharge` WHERE  `user_id` = 2  AND `status` = 1 LIMIT 1 [ RunTime:0.000338s ]
[2025-11-29T14:15:36+08:00][sql] SELECT SUM(`amount`) AS think_sum FROM `pd_withdraw` WHERE  `user_id` = 2  AND `status` = 1 LIMIT 1 [ RunTime:0.000363s ]
[2025-11-29T14:15:36+08:00][sql] SELECT `username` FROM `pd_user` WHERE  `id` = 1 LIMIT 1 [ RunTime:0.000268s ]
[2025-11-29T14:15:36+08:00][sql] SELECT SUM(`amount`) AS think_sum FROM `pd_recharge` WHERE  `user_id` = 1  AND `status` = 1 LIMIT 1 [ RunTime:0.000271s ]
[2025-11-29T14:15:36+08:00][sql] SELECT SUM(`amount`) AS think_sum FROM `pd_withdraw` WHERE  `user_id` = 1  AND `status` = 1 LIMIT 1 [ RunTime:0.000365s ]
[2025-11-29T14:15:36+08:00][sql] SELECT COUNT(*) AS think_count FROM `pd_user` LIMIT 1 [ RunTime:0.000280s ]
[2025-11-29T14:15:36+08:00][sql] SELECT `username` FROM `pd_user` WHERE  `id` = 5 LIMIT 1 [ RunTime:0.000509s ]
[2025-11-29T14:15:36+08:00][sql] SELECT COUNT(*) AS think_count FROM `pd_user` WHERE  `inviter_id` = 10 LIMIT 1 [ RunTime:0.000422s ]
[2025-11-29T14:15:36+08:00][sql] SELECT SUM(`amount`) AS think_sum FROM `pd_recharge` WHERE  `user_id` = 10  AND `status` = 1 LIMIT 1 [ RunTime:0.000803s ]
[2025-11-29T14:15:36+08:00][sql] SELECT SUM(`amount`) AS think_sum FROM `pd_withdraw` WHERE  `user_id` = 10  AND `status` = 1 LIMIT 1 [ RunTime:0.000546s ]
[2025-11-29T14:15:36+08:00][sql] SELECT `username` FROM `pd_user` WHERE  `id` = 4 LIMIT 1 [ RunTime:0.000238s ]
[2025-11-29T14:15:36+08:00][sql] SELECT COUNT(*) AS think_count FROM `pd_user` WHERE  `inviter_id` = 9 LIMIT 1 [ RunTime:0.000304s ]
[2025-11-29T14:15:36+08:00][sql] SELECT SUM(`amount`) AS think_sum FROM `pd_recharge` WHERE  `user_id` = 9  AND `status` = 1 LIMIT 1 [ RunTime:0.000393s ]
[2025-11-29T14:15:36+08:00][sql] SELECT SUM(`amount`) AS think_sum FROM `pd_withdraw` WHERE  `user_id` = 9  AND `status` = 1 LIMIT 1 [ RunTime:0.000614s ]
[2025-11-29T14:15:36+08:00][sql] SELECT `username` FROM `pd_user` WHERE  `id` = 3 LIMIT 1 [ RunTime:0.000280s ]
[2025-11-29T14:15:36+08:00][sql] SELECT COUNT(*) AS think_count FROM `pd_user` WHERE  `inviter_id` = 8 LIMIT 1 [ RunTime:0.000413s ]
[2025-11-29T14:15:36+08:00][sql] SELECT SUM(`amount`) AS think_sum FROM `pd_recharge` WHERE  `user_id` = 8  AND `status` = 1 LIMIT 1 [ RunTime:0.000261s ]
[2025-11-29T14:15:36+08:00][sql] SELECT SUM(`amount`) AS think_sum FROM `pd_withdraw` WHERE  `user_id` = 8  AND `status` = 1 LIMIT 1 [ RunTime:0.000277s ]
[2025-11-29T14:15:36+08:00][sql] SELECT `username` FROM `pd_user` WHERE  `id` = 3 LIMIT 1 [ RunTime:0.000300s ]
[2025-11-29T14:15:36+08:00][sql] SELECT COUNT(*) AS think_count FROM `pd_user` WHERE  `inviter_id` = 7 LIMIT 1 [ RunTime:0.000231s ]
[2025-11-29T14:15:36+08:00][sql] SELECT SUM(`amount`) AS think_sum FROM `pd_recharge` WHERE  `user_id` = 7  AND `status` = 1 LIMIT 1 [ RunTime:0.000313s ]
[2025-11-29T14:15:36+08:00][sql] SELECT SUM(`amount`) AS think_sum FROM `pd_withdraw` WHERE  `user_id` = 7  AND `status` = 1 LIMIT 1 [ RunTime:0.000226s ]
[2025-11-29T14:15:36+08:00][sql] SELECT `username` FROM `pd_user` WHERE  `id` = 2 LIMIT 1 [ RunTime:0.000281s ]
[2025-11-29T14:15:36+08:00][sql] SELECT COUNT(*) AS think_count FROM `pd_user` WHERE  `inviter_id` = 6 LIMIT 1 [ RunTime:0.000238s ]
[2025-11-29T14:15:36+08:00][sql] SELECT SUM(`amount`) AS think_sum FROM `pd_recharge` WHERE  `user_id` = 6  AND `status` = 1 LIMIT 1 [ RunTime:0.000256s ]
[2025-11-29T14:15:36+08:00][sql] SELECT SUM(`amount`) AS think_sum FROM `pd_withdraw` WHERE  `user_id` = 6  AND `status` = 1 LIMIT 1 [ RunTime:0.000226s ]
[2025-11-29T14:15:36+08:00][sql] SELECT `username` FROM `pd_user` WHERE  `id` = 2 LIMIT 1 [ RunTime:0.000222s ]
[2025-11-29T14:15:36+08:00][sql] SELECT COUNT(*) AS think_count FROM `pd_user` WHERE  `inviter_id` = 5 LIMIT 1 [ RunTime:0.000266s ]
[2025-11-29T14:15:36+08:00][sql] SELECT SUM(`amount`) AS think_sum FROM `pd_recharge` WHERE  `user_id` = 5  AND `status` = 1 LIMIT 1 [ RunTime:0.000494s ]
[2025-11-29T14:15:36+08:00][sql] SELECT SUM(`amount`) AS think_sum FROM `pd_withdraw` WHERE  `user_id` = 5  AND `status` = 1 LIMIT 1 [ RunTime:0.000310s ]
[2025-11-29T14:15:36+08:00][sql] SELECT `username` FROM `pd_user` WHERE  `id` = 1 LIMIT 1 [ RunTime:0.000217s ]
[2025-11-29T14:15:36+08:00][sql] SELECT COUNT(*) AS think_count FROM `pd_user` WHERE  `inviter_id` = 4 LIMIT 1 [ RunTime:0.000330s ]
[2025-11-29T14:15:36+08:00][sql] SELECT SUM(`amount`) AS think_sum FROM `pd_recharge` WHERE  `user_id` = 4  AND `status` = 1 LIMIT 1 [ RunTime:0.000354s ]
[2025-11-29T14:15:36+08:00][sql] SELECT SUM(`amount`) AS think_sum FROM `pd_withdraw` WHERE  `user_id` = 4  AND `status` = 1 LIMIT 1 [ RunTime:0.000244s ]
[2025-11-29T14:15:36+08:00][sql] SELECT `username` FROM `pd_user` WHERE  `id` = 1 LIMIT 1 [ RunTime:0.000264s ]
[2025-11-29T14:15:36+08:00][sql] SELECT COUNT(*) AS think_count FROM `pd_user` WHERE  `inviter_id` = 3 LIMIT 1 [ RunTime:0.000379s ]
[2025-11-29T14:15:36+08:00][sql] SELECT SUM(`amount`) AS think_sum FROM `pd_recharge` WHERE  `user_id` = 3  AND `status` = 1 LIMIT 1 [ RunTime:0.000334s ]
[2025-11-29T14:15:36+08:00][sql] SELECT SUM(`amount`) AS think_sum FROM `pd_withdraw` WHERE  `user_id` = 3  AND `status` = 1 LIMIT 1 [ RunTime:0.000329s ]
[2025-11-29T14:15:36+08:00][sql] SELECT `username` FROM `pd_user` WHERE  `id` = 1 LIMIT 1 [ RunTime:0.000260s ]
[2025-11-29T14:15:36+08:00][sql] SELECT COUNT(*) AS think_count FROM `pd_user` WHERE  `inviter_id` = 2 LIMIT 1 [ RunTime:0.000236s ]
[2025-11-29T14:15:36+08:00][sql] SELECT SUM(`amount`) AS think_sum FROM `pd_recharge` WHERE  `user_id` = 2  AND `status` = 1 LIMIT 1 [ RunTime:0.000288s ]
[2025-11-29T14:15:36+08:00][sql] SELECT SUM(`amount`) AS think_sum FROM `pd_withdraw` WHERE  `user_id` = 2  AND `status` = 1 LIMIT 1 [ RunTime:0.000762s ]
[2025-11-29T14:15:36+08:00][sql] SELECT COUNT(*) AS think_count FROM `pd_user` WHERE  `inviter_id` = 1 LIMIT 1 [ RunTime:0.000330s ]
[2025-11-29T14:15:36+08:00][sql] SELECT SUM(`amount`) AS think_sum FROM `pd_recharge` WHERE  `user_id` = 1  AND `status` = 1 LIMIT 1 [ RunTime:0.000297s ]
[2025-11-29T14:15:36+08:00][sql] SELECT SUM(`amount`) AS think_sum FROM `pd_withdraw` WHERE  `user_id` = 1  AND `status` = 1 LIMIT 1 [ RunTime:0.000203s ]
[2025-11-29T14:15:36+08:00][sql] CONNECT:[ UseTime:0.000741s ] mysql:host=127.0.0.1;port=3306;dbname=providence;charset=utf8mb4
[2025-11-29T14:15:36+08:00][sql] SHOW FULL COLUMNS FROM `pd_recharge` [ RunTime:0.002001s ]
[2025-11-29T14:15:36+08:00][sql] SELECT `r`.*,`u`.`username` FROM `pd_recharge` `r` INNER JOIN `pd_user` `u` ON `r`.`user_id`=`u`.`id` ORDER BY `r`.`id` DESC LIMIT 0,20 [ RunTime:0.001792s ]
[2025-11-29T14:15:36+08:00][sql] SELECT COUNT(*) AS think_count FROM `pd_recharge` `r` LIMIT 1 [ RunTime:0.000595s ]
[2025-11-29T14:15:36+08:00][sql] CONNECT:[ UseTime:0.009471s ] mysql:host=127.0.0.1;port=3306;dbname=providence;charset=utf8mb4
[2025-11-29T14:15:36+08:00][sql] SHOW FULL COLUMNS FROM `pd_withdraw` [ RunTime:0.002175s ]
[2025-11-29T14:15:36+08:00][sql] SELECT `w`.*,`u`.`username` FROM `pd_withdraw` `w` INNER JOIN `pd_user` `u` ON `w`.`user_id`=`u`.`id` ORDER BY `w`.`id` DESC LIMIT 0,20 [ RunTime:0.000658s ]
[2025-11-29T14:15:36+08:00][sql] SELECT COUNT(*) AS think_count FROM `pd_withdraw` `w` LIMIT 1 [ RunTime:0.000586s ]
[2025-11-29T14:15:36+08:00][sql] CONNECT:[ UseTime:0.000957s ] mysql:host=127.0.0.1;port=3306;dbname=providence;charset=utf8mb4
[2025-11-29T14:15:36+08:00][sql] SHOW FULL COLUMNS FROM `pd_project` [ RunTime:0.004305s ]
[2025-11-29T14:15:36+08:00][sql] SELECT * FROM `pd_project` ORDER BY `id` DESC [ RunTime:0.000805s ]
[2025-11-29T14:15:36+08:00][sql] SHOW FULL COLUMNS FROM `pd_investment` [ RunTime:0.001881s ]
[2025-11-29T14:15:36+08:00][sql] SELECT SUM(`amount`) AS think_sum FROM `pd_investment` WHERE  `project_id` = 6  AND `status` IN (0,1) LIMIT 1 [ RunTime:0.001066s ]
[2025-11-29T14:15:36+08:00][sql] SELECT SUM(`amount`) AS think_sum FROM `pd_investment` WHERE  `project_id` = 5  AND `status` IN (0,1) LIMIT 1 [ RunTime:0.000324s ]
[2025-11-29T14:15:36+08:00][sql] SELECT SUM(`amount`) AS think_sum FROM `pd_investment` WHERE  `project_id` = 4  AND `status` IN (0,1) LIMIT 1 [ RunTime:0.000299s ]
[2025-11-29T14:15:36+08:00][sql] SELECT SUM(`amount`) AS think_sum FROM `pd_investment` WHERE  `project_id` = 3  AND `status` IN (0,1) LIMIT 1 [ RunTime:0.000341s ]
[2025-11-29T14:15:36+08:00][sql] SELECT SUM(`amount`) AS think_sum FROM `pd_investment` WHERE  `project_id` = 1  AND `status` IN (0,1) LIMIT 1 [ RunTime:0.000554s ]
[2025-11-29T14:15:36+08:00][sql] CONNECT:[ UseTime:0.000709s ] mysql:host=127.0.0.1;port=3306;dbname=providence;charset=utf8mb4
[2025-11-29T14:15:36+08:00][sql] CONNECT:[ UseTime:0.000605s ] mysql:host=127.0.0.1;port=3306;dbname=providence;charset=utf8mb4
[2025-11-29T14:15:36+08:00][sql] SHOW FULL COLUMNS FROM `pd_system_config` [ RunTime:0.023612s ]
[2025-11-29T14:15:36+08:00][sql] SELECT * FROM `pd_system_config` [ RunTime:0.000498s ]
[2025-11-29T14:15:36+08:00][sql] CONNECT:[ UseTime:0.021300s ] mysql:host=127.0.0.1;port=3306;dbname=providence;charset=utf8mb4
[2025-11-29T14:15:36+08:00][sql] CONNECT:[ UseTime:0.000650s ] mysql:host=127.0.0.1;port=3306;dbname=providence;charset=utf8mb4
[2025-11-29T14:15:36+08:00][sql] SHOW FULL COLUMNS FROM `pd_user` [ RunTime:0.002743s ]
[2025-11-29T14:15:36+08:00][sql] SELECT COUNT(*) AS think_count FROM `pd_user` LIMIT 1 [ RunTime:0.000474s ]
[2025-11-29T14:15:36+08:00][sql] SHOW FULL COLUMNS FROM `pd_recharge` [ RunTime:0.001329s ]
[2025-11-29T14:15:36+08:00][sql] SELECT SUM(`amount`) AS think_sum FROM `pd_recharge` WHERE  `create_time` BETWEEN '2025-11-29 00:00:00' AND '2025-11-29 23:59:59'  AND `status` = 1 LIMIT 1 [ RunTime:0.000439s ]
[2025-11-29T14:15:36+08:00][sql] SHOW FULL COLUMNS FROM `pd_withdraw` [ RunTime:0.001310s ]
[2025-11-29T14:15:36+08:00][sql] SELECT SUM(`amount`) AS think_sum FROM `pd_withdraw` WHERE  `create_time` BETWEEN '2025-11-29 00:00:00' AND '2025-11-29 23:59:59'  AND `status` = 1 LIMIT 1 [ RunTime:0.000409s ]
[2025-11-29T14:15:36+08:00][sql] SHOW FULL COLUMNS FROM `pd_project` [ RunTime:0.001708s ]
[2025-11-29T14:15:36+08:00][sql] SELECT COUNT(*) AS think_count FROM `pd_project` WHERE  `status` = 1 LIMIT 1 [ RunTime:0.000342s ]
[2025-11-29T14:15:36+08:00][sql] SELECT COUNT(*) AS think_count FROM `pd_user` WHERE  `create_time` BETWEEN '2025-11-29 00:00:00' AND '2025-11-29 23:59:59' LIMIT 1 [ RunTime:0.000291s ]
[2025-11-29T14:15:36+08:00][sql] SHOW FULL COLUMNS FROM `pd_investment` [ RunTime:0.001393s ]
[2025-11-29T14:15:36+08:00][sql] SELECT SUM(`amount`) AS think_sum FROM `pd_investment` WHERE  `status` = 1 LIMIT 1 [ RunTime:0.000349s ]
[2025-11-29T14:15:36+08:00][sql] SELECT COUNT(*) AS think_count FROM `pd_recharge` WHERE  `status` = 0 LIMIT 1 [ RunTime:0.000230s ]
[2025-11-29T14:15:36+08:00][sql] SELECT COUNT(*) AS think_count FROM `pd_withdraw` WHERE  `status` = 0 LIMIT 1 [ RunTime:0.000253s ]
[2025-11-29T14:15:36+08:00][sql] SELECT SUM(`amount`) AS think_sum FROM `pd_investment` WHERE  `create_time` BETWEEN '2025-11-29 00:00:00' AND '2025-11-29 23:59:59' LIMIT 1 [ RunTime:0.000231s ]
[2025-11-29T14:15:36+08:00][sql] SELECT COUNT(*) AS think_count FROM `pd_user` WHERE  `last_login_time` BETWEEN '2025-11-29 00:00:00' AND '2025-11-29 23:59:59' LIMIT 1 [ RunTime:0.000205s ]
[2025-11-29T14:15:37+08:00][sql] CONNECT:[ UseTime:0.000945s ] mysql:host=127.0.0.1;port=3306;dbname=providence;charset=utf8mb4
[2025-11-29T14:15:37+08:00][sql] SHOW FULL COLUMNS FROM `pd_recharge` [ RunTime:0.002055s ]
[2025-11-29T14:15:37+08:00][sql] SELECT `r`.`id`,`r`.`amount`,`r`.`create_time`,`u`.`username` FROM `pd_recharge` `r` INNER JOIN `pd_user` `u` ON `r`.`user_id`=`u`.`id` WHERE  `r`.`status` = '0' ORDER BY `r`.`id` DESC LIMIT 5 [ RunTime:0.000602s ]
[2025-11-29T14:15:37+08:00][sql] SHOW FULL COLUMNS FROM `pd_withdraw` [ RunTime:0.001395s ]
[2025-11-29T14:15:37+08:00][sql] SELECT `w`.`id`,`w`.`amount`,`w`.`create_time`,`u`.`username` FROM `pd_withdraw` `w` INNER JOIN `pd_user` `u` ON `w`.`user_id`=`u`.`id` WHERE  `w`.`status` = '0' ORDER BY `w`.`id` DESC LIMIT 5 [ RunTime:0.026983s ]
[2025-11-29T14:15:37+08:00][sql] CONNECT:[ UseTime:0.000629s ] mysql:host=127.0.0.1;port=3306;dbname=providence;charset=utf8mb4
[2025-11-29T14:15:37+08:00][sql] SHOW FULL COLUMNS FROM `pd_recharge` [ RunTime:0.001629s ]
[2025-11-29T14:15:37+08:00][sql] SELECT `r`.`id`,`r`.`amount`,`r`.`create_time`,`u`.`username` FROM `pd_recharge` `r` INNER JOIN `pd_user` `u` ON `r`.`user_id`=`u`.`id` WHERE  `r`.`status` = '0' ORDER BY `r`.`id` DESC LIMIT 5 [ RunTime:0.000462s ]
[2025-11-29T14:15:37+08:00][sql] SHOW FULL COLUMNS FROM `pd_withdraw` [ RunTime:0.001225s ]
[2025-11-29T14:15:37+08:00][sql] SELECT `w`.`id`,`w`.`amount`,`w`.`create_time`,`u`.`username` FROM `pd_withdraw` `w` INNER JOIN `pd_user` `u` ON `w`.`user_id`=`u`.`id` WHERE  `w`.`status` = '0' ORDER BY `w`.`id` DESC LIMIT 5 [ RunTime:0.000393s ]
[2025-11-29T14:15:37+08:00][sql] CONNECT:[ UseTime:0.000730s ] mysql:host=127.0.0.1;port=3306;dbname=providence;charset=utf8mb4
[2025-11-29T14:15:38+08:00][sql] CONNECT:[ UseTime:0.001041s ] mysql:host=127.0.0.1;port=3306;dbname=providence;charset=utf8mb4
[2025-11-29T14:15:40+08:00][sql] CONNECT:[ UseTime:0.003663s ] mysql:host=127.0.0.1;port=3306;dbname=providence;charset=utf8mb4
[2025-11-29T14:15:40+08:00][sql] SHOW FULL COLUMNS FROM `pd_withdraw` [ RunTime:0.002974s ]
[2025-11-29T14:15:40+08:00][sql] SELECT `w`.*,`u`.`username` FROM `pd_withdraw` `w` INNER JOIN `pd_user` `u` ON `w`.`user_id`=`u`.`id` ORDER BY `w`.`id` DESC LIMIT 0,20 [ RunTime:0.001368s ]
[2025-11-29T14:15:40+08:00][sql] SELECT COUNT(*) AS think_count FROM `pd_withdraw` `w` LIMIT 1 [ RunTime:0.003387s ]
[2025-11-29T14:25:00+08:00][sql] CONNECT:[ UseTime:0.001535s ] mysql:host=127.0.0.1;port=3306;dbname=providence;charset=utf8mb4
[2025-11-29T14:25:00+08:00][sql] SHOW FULL COLUMNS FROM `pd_user` [ RunTime:0.026477s ]
[2025-11-29T14:25:00+08:00][sql] SELECT COUNT(*) AS think_count FROM `pd_user` LIMIT 1 [ RunTime:0.001594s ]
[2025-11-29T14:25:00+08:00][sql] SHOW FULL COLUMNS FROM `pd_recharge` [ RunTime:0.006163s ]
[2025-11-29T14:25:00+08:00][sql] CONNECT:[ UseTime:0.000581s ] mysql:host=127.0.0.1;port=3306;dbname=providence;charset=utf8mb4
[2025-11-29T14:25:00+08:00][sql] SHOW FULL COLUMNS FROM `pd_admins` [ RunTime:0.001564s ]
[2025-11-29T14:25:00+08:00][sql] SELECT * FROM `pd_admins` WHERE  `id` = 1  AND `status` = 1 LIMIT 1 [ RunTime:0.000417s ]
[2025-11-29T14:25:20+08:00][sql] CONNECT:[ UseTime:0.000834s ] mysql:host=127.0.0.1;port=3306;dbname=providence;charset=utf8mb4
[2025-11-29T14:25:20+08:00][sql] SHOW FULL COLUMNS FROM `pd_user` [ RunTime:0.004723s ]
[2025-11-29T14:25:20+08:00][sql] SELECT COUNT(*) AS think_count FROM `pd_user` LIMIT 1 [ RunTime:0.000495s ]
[2025-11-29T14:25:20+08:00][sql] SHOW FULL COLUMNS FROM `pd_recharge` [ RunTime:0.002377s ]
[2025-11-29T14:25:20+08:00][sql] SELECT SUM(`amount`) AS think_sum FROM `pd_recharge` WHERE  `create_time` BETWEEN '2025-11-29 00:00:00' AND '2025-11-29 23:59:59'  AND `status` = 1 LIMIT 1 [ RunTime:0.000953s ]
[2025-11-29T14:25:20+08:00][sql] SHOW FULL COLUMNS FROM `pd_withdraw` [ RunTime:0.002336s ]
[2025-11-29T14:25:20+08:00][sql] SELECT SUM(`amount`) AS think_sum FROM `pd_withdraw` WHERE  `create_time` BETWEEN '2025-11-29 00:00:00' AND '2025-11-29 23:59:59'  AND `status` = 1 LIMIT 1 [ RunTime:0.000909s ]
[2025-11-29T14:25:20+08:00][sql] SHOW FULL COLUMNS FROM `pd_project` [ RunTime:0.002611s ]
[2025-11-29T14:25:20+08:00][sql] SELECT COUNT(*) AS think_count FROM `pd_project` WHERE  `status` = 1 LIMIT 1 [ RunTime:0.000829s ]
[2025-11-29T14:25:20+08:00][sql] SELECT COUNT(*) AS think_count FROM `pd_user` WHERE  `create_time` BETWEEN '2025-11-29 00:00:00' AND '2025-11-29 23:59:59' LIMIT 1 [ RunTime:0.000367s ]
[2025-11-29T14:25:20+08:00][sql] SHOW FULL COLUMNS FROM `pd_investment` [ RunTime:0.002023s ]
[2025-11-29T14:25:20+08:00][sql] SELECT SUM(`amount`) AS think_sum FROM `pd_investment` WHERE  `status` = 1 LIMIT 1 [ RunTime:0.000642s ]
[2025-11-29T14:25:20+08:00][sql] SELECT COUNT(*) AS think_count FROM `pd_recharge` WHERE  `status` = 0 LIMIT 1 [ RunTime:0.000286s ]
[2025-11-29T14:25:20+08:00][sql] SELECT COUNT(*) AS think_count FROM `pd_withdraw` WHERE  `status` = 0 LIMIT 1 [ RunTime:0.000290s ]
[2025-11-29T14:25:20+08:00][sql] CONNECT:[ UseTime:0.000589s ] mysql:host=127.0.0.1;port=3306;dbname=providence;charset=utf8mb4
[2025-11-29T14:25:20+08:00][sql] SHOW FULL COLUMNS FROM `pd_admins` [ RunTime:0.001943s ]
[2025-11-29T14:25:20+08:00][sql] SELECT * FROM `pd_admins` WHERE  `id` = 1  AND `status` = 1 LIMIT 1 [ RunTime:0.000429s ]
[2025-11-29T14:25:31+08:00][sql] CONNECT:[ UseTime:0.000960s ] mysql:host=127.0.0.1;port=3306;dbname=providence;charset=utf8mb4
[2025-11-29T14:25:31+08:00][sql] SHOW FULL COLUMNS FROM `pd_project` [ RunTime:0.008587s ]
[2025-11-29T14:26:11+08:00][sql] CONNECT:[ UseTime:0.001027s ] mysql:host=127.0.0.1;port=3306;dbname=providence;charset=utf8mb4
[2025-11-29T14:26:11+08:00][sql] SHOW FULL COLUMNS FROM `pd_user` [ RunTime:0.002448s ]
[2025-11-29T14:26:11+08:00][sql] SELECT COUNT(*) AS think_count FROM `pd_user` LIMIT 1 [ RunTime:0.000454s ]
[2025-11-29T14:26:11+08:00][sql] SHOW FULL COLUMNS FROM `pd_recharge` [ RunTime:0.001739s ]
[2025-11-29T14:26:11+08:00][sql] SELECT SUM(`amount`) AS think_sum FROM `pd_recharge` WHERE  `create_time` BETWEEN '2025-11-29 00:00:00' AND '2025-11-29 23:59:59'  AND `status` = 1 LIMIT 1 [ RunTime:0.000570s ]
[2025-11-29T14:26:11+08:00][sql] SHOW FULL COLUMNS FROM `pd_withdraw` [ RunTime:0.001473s ]
[2025-11-29T14:26:11+08:00][sql] SELECT SUM(`amount`) AS think_sum FROM `pd_withdraw` WHERE  `create_time` BETWEEN '2025-11-29 00:00:00' AND '2025-11-29 23:59:59'  AND `status` = 1 LIMIT 1 [ RunTime:0.000502s ]
[2025-11-29T14:26:11+08:00][sql] SHOW FULL COLUMNS FROM `pd_project` [ RunTime:0.001861s ]
[2025-11-29T14:26:11+08:00][sql] SELECT COUNT(*) AS think_count FROM `pd_project` WHERE  `status` = 1 LIMIT 1 [ RunTime:0.000433s ]
[2025-11-29T14:26:11+08:00][sql] SELECT COUNT(*) AS think_count FROM `pd_user` WHERE  `create_time` BETWEEN '2025-11-29 00:00:00' AND '2025-11-29 23:59:59' LIMIT 1 [ RunTime:0.000265s ]
[2025-11-29T14:26:11+08:00][sql] SHOW FULL COLUMNS FROM `pd_investment` [ RunTime:0.002217s ]
[2025-11-29T14:26:11+08:00][sql] SELECT SUM(`amount`) AS think_sum FROM `pd_investment` WHERE  `status` = 1 LIMIT 1 [ RunTime:0.000391s ]
[2025-11-29T14:26:11+08:00][sql] SELECT COUNT(*) AS think_count FROM `pd_recharge` WHERE  `status` = 0 LIMIT 1 [ RunTime:0.000216s ]
[2025-11-29T14:26:11+08:00][sql] SELECT COUNT(*) AS think_count FROM `pd_withdraw` WHERE  `status` = 0 LIMIT 1 [ RunTime:0.000186s ]
[2025-11-29T14:26:12+08:00][sql] CONNECT:[ UseTime:0.000576s ] mysql:host=127.0.0.1;port=3306;dbname=providence;charset=utf8mb4
[2025-11-29T14:26:12+08:00][sql] SHOW FULL COLUMNS FROM `pd_admins` [ RunTime:0.002880s ]
[2025-11-29T14:26:12+08:00][sql] SELECT * FROM `pd_admins` WHERE  `id` = 1  AND `status` = 1 LIMIT 1 [ RunTime:0.000676s ]
[2025-11-29T14:26:23+08:00][sql] CONNECT:[ UseTime:0.000656s ] mysql:host=127.0.0.1;port=3306;dbname=providence;charset=utf8mb4
[2025-11-29T14:26:23+08:00][sql] SHOW FULL COLUMNS FROM `pd_user` [ RunTime:0.002862s ]
[2025-11-29T14:26:23+08:00][sql] SELECT COUNT(*) AS think_count FROM `pd_user` LIMIT 1 [ RunTime:0.000456s ]
[2025-11-29T14:26:23+08:00][sql] SHOW FULL COLUMNS FROM `pd_recharge` [ RunTime:0.001541s ]
[2025-11-29T14:26:23+08:00][sql] SELECT SUM(`amount`) AS think_sum FROM `pd_recharge` WHERE  `create_time` BETWEEN '2025-11-29 00:00:00' AND '2025-11-29 23:59:59'  AND `status` = 1 LIMIT 1 [ RunTime:0.000741s ]
[2025-11-29T14:26:23+08:00][sql] SHOW FULL COLUMNS FROM `pd_withdraw` [ RunTime:0.001552s ]
[2025-11-29T14:26:23+08:00][sql] SELECT SUM(`amount`) AS think_sum FROM `pd_withdraw` WHERE  `create_time` BETWEEN '2025-11-29 00:00:00' AND '2025-11-29 23:59:59'  AND `status` = 1 LIMIT 1 [ RunTime:0.000570s ]
[2025-11-29T14:26:23+08:00][sql] SHOW FULL COLUMNS FROM `pd_project` [ RunTime:0.002111s ]
[2025-11-29T14:26:23+08:00][sql] SELECT COUNT(*) AS think_count FROM `pd_project` WHERE  `status` = 1 LIMIT 1 [ RunTime:0.000596s ]
[2025-11-29T14:26:23+08:00][sql] SELECT COUNT(*) AS think_count FROM `pd_user` WHERE  `create_time` BETWEEN '2025-11-29 00:00:00' AND '2025-11-29 23:59:59' LIMIT 1 [ RunTime:0.000406s ]
[2025-11-29T14:26:23+08:00][sql] SHOW FULL COLUMNS FROM `pd_investment` [ RunTime:0.001445s ]
[2025-11-29T14:26:23+08:00][sql] SELECT SUM(`amount`) AS think_sum FROM `pd_investment` WHERE  `status` = 1 LIMIT 1 [ RunTime:0.000739s ]
[2025-11-29T14:26:23+08:00][sql] SELECT COUNT(*) AS think_count FROM `pd_recharge` WHERE  `status` = 0 LIMIT 1 [ RunTime:0.000449s ]
[2025-11-29T14:26:23+08:00][sql] SELECT COUNT(*) AS think_count FROM `pd_withdraw` WHERE  `status` = 0 LIMIT 1 [ RunTime:0.000328s ]
[2025-11-29T14:26:27+08:00][sql] CONNECT:[ UseTime:0.016248s ] mysql:host=127.0.0.1;port=3306;dbname=providence;charset=utf8mb4
[2025-11-29T14:26:27+08:00][sql] SHOW FULL COLUMNS FROM `pd_user` [ RunTime:0.003202s ]
[2025-11-29T14:26:27+08:00][sql] SELECT COUNT(*) AS think_count FROM `pd_user` LIMIT 1 [ RunTime:0.000392s ]
[2025-11-29T14:26:27+08:00][sql] SHOW FULL COLUMNS FROM `pd_recharge` [ RunTime:0.002657s ]
[2025-11-29T14:26:27+08:00][sql] SELECT SUM(`amount`) AS think_sum FROM `pd_recharge` WHERE  `create_time` BETWEEN '2025-11-29 00:00:00' AND '2025-11-29 23:59:59'  AND `status` = 1 LIMIT 1 [ RunTime:0.000896s ]
[2025-11-29T14:26:27+08:00][sql] SHOW FULL COLUMNS FROM `pd_withdraw` [ RunTime:0.001666s ]
[2025-11-29T14:26:27+08:00][sql] SELECT SUM(`amount`) AS think_sum FROM `pd_withdraw` WHERE  `create_time` BETWEEN '2025-11-29 00:00:00' AND '2025-11-29 23:59:59'  AND `status` = 1 LIMIT 1 [ RunTime:0.004738s ]
[2025-11-29T14:26:27+08:00][sql] SHOW FULL COLUMNS FROM `pd_project` [ RunTime:0.002365s ]
[2025-11-29T14:26:27+08:00][sql] SELECT COUNT(*) AS think_count FROM `pd_project` WHERE  `status` = 1 LIMIT 1 [ RunTime:0.000686s ]
[2025-11-29T14:26:27+08:00][sql] SELECT COUNT(*) AS think_count FROM `pd_user` WHERE  `create_time` BETWEEN '2025-11-29 00:00:00' AND '2025-11-29 23:59:59' LIMIT 1 [ RunTime:0.000310s ]
[2025-11-29T14:26:27+08:00][sql] SHOW FULL COLUMNS FROM `pd_investment` [ RunTime:0.001442s ]
[2025-11-29T14:26:27+08:00][sql] SELECT SUM(`amount`) AS think_sum FROM `pd_investment` WHERE  `status` = 1 LIMIT 1 [ RunTime:0.000508s ]
[2025-11-29T14:26:27+08:00][sql] SELECT COUNT(*) AS think_count FROM `pd_recharge` WHERE  `status` = 0 LIMIT 1 [ RunTime:0.000377s ]
[2025-11-29T14:26:27+08:00][sql] SELECT COUNT(*) AS think_count FROM `pd_withdraw` WHERE  `status` = 0 LIMIT 1 [ RunTime:0.000363s ]
[2025-11-29T14:26:27+08:00][sql] CONNECT:[ UseTime:0.000839s ] mysql:host=127.0.0.1;port=3306;dbname=providence;charset=utf8mb4
[2025-11-29T14:26:27+08:00][sql] SHOW FULL COLUMNS FROM `pd_admins` [ RunTime:0.001732s ]
[2025-11-29T14:26:27+08:00][sql] SELECT * FROM `pd_admins` WHERE  `id` = 1  AND `status` = 1 LIMIT 1 [ RunTime:0.000818s ]
[2025-11-29T14:26:37+08:00][sql] CONNECT:[ UseTime:0.000892s ] mysql:host=127.0.0.1;port=3306;dbname=providence;charset=utf8mb4
[2025-11-29T14:26:37+08:00][sql] SHOW FULL COLUMNS FROM `pd_project` [ RunTime:0.013621s ]
[2025-11-29T14:26:37+08:00][sql] SELECT * FROM `pd_project` ORDER BY `id` DESC [ RunTime:0.002272s ]
[2025-11-29T14:26:37+08:00][sql] SHOW FULL COLUMNS FROM `pd_investment` [ RunTime:0.004456s ]
[2025-11-29T14:26:37+08:00][sql] SELECT SUM(`amount`) AS think_sum FROM `pd_investment` WHERE  `project_id` = 6  AND `status` IN (0,1) LIMIT 1 [ RunTime:0.000841s ]
[2025-11-29T14:26:37+08:00][sql] SELECT SUM(`amount`) AS think_sum FROM `pd_investment` WHERE  `project_id` = 5  AND `status` IN (0,1) LIMIT 1 [ RunTime:0.000329s ]
[2025-11-29T14:26:37+08:00][sql] SELECT SUM(`amount`) AS think_sum FROM `pd_investment` WHERE  `project_id` = 4  AND `status` IN (0,1) LIMIT 1 [ RunTime:0.000386s ]
[2025-11-29T14:26:37+08:00][sql] SELECT SUM(`amount`) AS think_sum FROM `pd_investment` WHERE  `project_id` = 3  AND `status` IN (0,1) LIMIT 1 [ RunTime:0.000366s ]
[2025-11-29T14:26:37+08:00][sql] SELECT SUM(`amount`) AS think_sum FROM `pd_investment` WHERE  `project_id` = 1  AND `status` IN (0,1) LIMIT 1 [ RunTime:0.000451s ]
[2025-11-29T14:26:48+08:00][sql] CONNECT:[ UseTime:0.001008s ] mysql:host=127.0.0.1;port=3306;dbname=providence;charset=utf8mb4
[2025-11-29T14:26:48+08:00][sql] SHOW FULL COLUMNS FROM `pd_project` [ RunTime:0.002120s ]
[2025-11-29T14:26:48+08:00][sql] SELECT * FROM `pd_project` ORDER BY `id` DESC [ RunTime:0.000458s ]
[2025-11-29T14:26:48+08:00][sql] SHOW FULL COLUMNS FROM `pd_investment` [ RunTime:0.002134s ]
[2025-11-29T14:26:48+08:00][sql] SELECT SUM(`amount`) AS think_sum FROM `pd_investment` WHERE  `project_id` = 6  AND `status` IN (0,1) LIMIT 1 [ RunTime:0.000524s ]
[2025-11-29T14:26:48+08:00][sql] SELECT SUM(`amount`) AS think_sum FROM `pd_investment` WHERE  `project_id` = 5  AND `status` IN (0,1) LIMIT 1 [ RunTime:0.000241s ]
[2025-11-29T14:26:48+08:00][sql] SELECT SUM(`amount`) AS think_sum FROM `pd_investment` WHERE  `project_id` = 4  AND `status` IN (0,1) LIMIT 1 [ RunTime:0.000210s ]
[2025-11-29T14:26:48+08:00][sql] SELECT SUM(`amount`) AS think_sum FROM `pd_investment` WHERE  `project_id` = 3  AND `status` IN (0,1) LIMIT 1 [ RunTime:0.000250s ]
[2025-11-29T14:26:48+08:00][sql] SELECT SUM(`amount`) AS think_sum FROM `pd_investment` WHERE  `project_id` = 1  AND `status` IN (0,1) LIMIT 1 [ RunTime:0.000228s ]
[2025-11-29T14:27:15+08:00][sql] CONNECT:[ UseTime:0.000725s ] mysql:host=127.0.0.1;port=3306;dbname=providence;charset=utf8mb4
[2025-11-29T14:27:15+08:00][sql] SHOW FULL COLUMNS FROM `pd_user` [ RunTime:0.003888s ]
[2025-11-29T14:27:15+08:00][sql] SELECT COUNT(*) AS think_count FROM `pd_user` LIMIT 1 [ RunTime:0.001241s ]
[2025-11-29T14:27:15+08:00][sql] SHOW FULL COLUMNS FROM `pd_recharge` [ RunTime:0.002645s ]
[2025-11-29T14:27:15+08:00][sql] SELECT SUM(`amount`) AS think_sum FROM `pd_recharge` WHERE  `create_time` BETWEEN '2025-11-29 00:00:00' AND '2025-11-29 23:59:59'  AND `status` = 1 LIMIT 1 [ RunTime:0.000983s ]
[2025-11-29T14:27:15+08:00][sql] SHOW FULL COLUMNS FROM `pd_withdraw` [ RunTime:0.002456s ]
[2025-11-29T14:27:15+08:00][sql] SELECT SUM(`amount`) AS think_sum FROM `pd_withdraw` WHERE  `create_time` BETWEEN '2025-11-29 00:00:00' AND '2025-11-29 23:59:59'  AND `status` = 1 LIMIT 1 [ RunTime:0.001203s ]
[2025-11-29T14:27:15+08:00][sql] SHOW FULL COLUMNS FROM `pd_project` [ RunTime:0.002218s ]
[2025-11-29T14:27:15+08:00][sql] SELECT COUNT(*) AS think_count FROM `pd_project` WHERE  `status` = 1 LIMIT 1 [ RunTime:0.000641s ]
[2025-11-29T14:27:15+08:00][sql] SELECT COUNT(*) AS think_count FROM `pd_user` WHERE  `create_time` BETWEEN '2025-11-29 00:00:00' AND '2025-11-29 23:59:59' LIMIT 1 [ RunTime:0.000386s ]
[2025-11-29T14:27:15+08:00][sql] SHOW FULL COLUMNS FROM `pd_investment` [ RunTime:0.001571s ]
[2025-11-29T14:27:15+08:00][sql] SELECT SUM(`amount`) AS think_sum FROM `pd_investment` WHERE  `status` = 1 LIMIT 1 [ RunTime:0.000567s ]
[2025-11-29T14:27:15+08:00][sql] SELECT COUNT(*) AS think_count FROM `pd_recharge` WHERE  `status` = 0 LIMIT 1 [ RunTime:0.000624s ]
[2025-11-29T14:27:15+08:00][sql] SELECT COUNT(*) AS think_count FROM `pd_withdraw` WHERE  `status` = 0 LIMIT 1 [ RunTime:0.000808s ]
[2025-11-29T14:27:15+08:00][sql] CONNECT:[ UseTime:0.000605s ] mysql:host=127.0.0.1;port=3306;dbname=providence;charset=utf8mb4
[2025-11-29T14:27:15+08:00][sql] SHOW FULL COLUMNS FROM `pd_admins` [ RunTime:0.002253s ]
[2025-11-29T14:27:15+08:00][sql] SELECT * FROM `pd_admins` WHERE  `id` = 1  AND `status` = 1 LIMIT 1 [ RunTime:0.000650s ]
[2025-11-29T14:27:24+08:00][sql] CONNECT:[ UseTime:0.001437s ] mysql:host=127.0.0.1;port=3306;dbname=providence;charset=utf8mb4
[2025-11-29T14:27:24+08:00][sql] SHOW FULL COLUMNS FROM `pd_project` [ RunTime:0.006901s ]
[2025-11-29T14:27:24+08:00][sql] SELECT * FROM `pd_project` ORDER BY `id` DESC [ RunTime:0.001417s ]
[2025-11-29T14:27:24+08:00][sql] SHOW FULL COLUMNS FROM `pd_investment` [ RunTime:0.002449s ]
[2025-11-29T14:27:24+08:00][sql] SELECT SUM(`amount`) AS think_sum FROM `pd_investment` WHERE  `project_id` = 6  AND `status` IN (0,1) LIMIT 1 [ RunTime:0.001306s ]
[2025-11-29T14:27:24+08:00][sql] SELECT SUM(`amount`) AS think_sum FROM `pd_investment` WHERE  `project_id` = 5  AND `status` IN (0,1) LIMIT 1 [ RunTime:0.000434s ]
[2025-11-29T14:27:24+08:00][sql] SELECT SUM(`amount`) AS think_sum FROM `pd_investment` WHERE  `project_id` = 4  AND `status` IN (0,1) LIMIT 1 [ RunTime:0.000339s ]
[2025-11-29T14:27:24+08:00][sql] SELECT SUM(`amount`) AS think_sum FROM `pd_investment` WHERE  `project_id` = 3  AND `status` IN (0,1) LIMIT 1 [ RunTime:0.000518s ]
[2025-11-29T14:27:24+08:00][sql] SELECT SUM(`amount`) AS think_sum FROM `pd_investment` WHERE  `project_id` = 1  AND `status` IN (0,1) LIMIT 1 [ RunTime:0.000432s ]
[2025-11-29T14:27:36+08:00][sql] CONNECT:[ UseTime:0.030477s ] mysql:host=127.0.0.1;port=3306;dbname=providence;charset=utf8mb4
[2025-11-29T14:27:36+08:00][sql] SHOW FULL COLUMNS FROM `pd_project` [ RunTime:0.003865s ]
[2025-11-29T14:27:36+08:00][sql] SELECT * FROM `pd_project` ORDER BY `id` DESC [ RunTime:0.001116s ]
[2025-11-29T14:27:36+08:00][sql] SHOW FULL COLUMNS FROM `pd_investment` [ RunTime:0.003016s ]
[2025-11-29T14:27:36+08:00][sql] SELECT SUM(`amount`) AS think_sum FROM `pd_investment` WHERE  `project_id` = 6  AND `status` IN (0,1) LIMIT 1 [ RunTime:0.001146s ]
[2025-11-29T14:27:36+08:00][sql] SELECT SUM(`amount`) AS think_sum FROM `pd_investment` WHERE  `project_id` = 5  AND `status` IN (0,1) LIMIT 1 [ RunTime:0.000587s ]
[2025-11-29T14:27:36+08:00][sql] SELECT SUM(`amount`) AS think_sum FROM `pd_investment` WHERE  `project_id` = 4  AND `status` IN (0,1) LIMIT 1 [ RunTime:0.001600s ]
[2025-11-29T14:27:36+08:00][sql] SELECT SUM(`amount`) AS think_sum FROM `pd_investment` WHERE  `project_id` = 3  AND `status` IN (0,1) LIMIT 1 [ RunTime:0.002006s ]
[2025-11-29T14:27:36+08:00][sql] SELECT SUM(`amount`) AS think_sum FROM `pd_investment` WHERE  `project_id` = 1  AND `status` IN (0,1) LIMIT 1 [ RunTime:0.001800s ]
[2025-11-29T14:38:02+08:00][sql] CONNECT:[ UseTime:0.001425s ] mysql:host=127.0.0.1;port=3306;dbname=providence;charset=utf8mb4
[2025-11-29T14:38:02+08:00][sql] SHOW FULL COLUMNS FROM `pd_user` [ RunTime:0.005977s ]
[2025-11-29T14:38:02+08:00][sql] SELECT COUNT(*) AS think_count FROM `pd_user` LIMIT 1 [ RunTime:0.000675s ]
[2025-11-29T14:38:02+08:00][sql] SHOW FULL COLUMNS FROM `pd_recharge` [ RunTime:0.002750s ]
[2025-11-29T14:38:02+08:00][sql] SELECT SUM(`amount`) AS think_sum FROM `pd_recharge` WHERE  `create_time` BETWEEN '2025-11-29 00:00:00' AND '2025-11-29 23:59:59'  AND `status` = 1 LIMIT 1 [ RunTime:0.000978s ]
[2025-11-29T14:38:02+08:00][sql] SHOW FULL COLUMNS FROM `pd_withdraw` [ RunTime:0.001421s ]
[2025-11-29T14:38:02+08:00][sql] SELECT SUM(`amount`) AS think_sum FROM `pd_withdraw` WHERE  `create_time` BETWEEN '2025-11-29 00:00:00' AND '2025-11-29 23:59:59'  AND `status` = 1 LIMIT 1 [ RunTime:0.000503s ]
[2025-11-29T14:38:02+08:00][sql] SHOW FULL COLUMNS FROM `pd_project` [ RunTime:0.002062s ]
[2025-11-29T14:38:02+08:00][sql] SELECT COUNT(*) AS think_count FROM `pd_project` WHERE  `status` = 1 LIMIT 1 [ RunTime:0.000643s ]
[2025-11-29T14:38:02+08:00][sql] SELECT COUNT(*) AS think_count FROM `pd_user` WHERE  `create_time` BETWEEN '2025-11-29 00:00:00' AND '2025-11-29 23:59:59' LIMIT 1 [ RunTime:0.000419s ]
[2025-11-29T14:38:02+08:00][sql] SHOW FULL COLUMNS FROM `pd_investment` [ RunTime:0.003215s ]
[2025-11-29T14:38:02+08:00][sql] SELECT SUM(`amount`) AS think_sum FROM `pd_investment` WHERE  `status` = 1 LIMIT 1 [ RunTime:0.000866s ]
[2025-11-29T14:38:02+08:00][sql] SELECT COUNT(*) AS think_count FROM `pd_recharge` WHERE  `status` = 0 LIMIT 1 [ RunTime:0.000320s ]
[2025-11-29T14:38:02+08:00][sql] SELECT COUNT(*) AS think_count FROM `pd_withdraw` WHERE  `status` = 0 LIMIT 1 [ RunTime:0.000265s ]
[2025-11-29T14:51:11+08:00][sql] CONNECT:[ UseTime:0.001808s ] mysql:host=127.0.0.1;port=3306;dbname=providence;charset=utf8mb4
[2025-11-29T14:51:11+08:00][sql] SHOW FULL COLUMNS FROM `pd_user` [ RunTime:0.003529s ]
[2025-11-29T14:51:11+08:00][sql] SELECT COUNT(*) AS think_count FROM `pd_user` LIMIT 1 [ RunTime:0.000631s ]
[2025-11-29T14:51:11+08:00][sql] SHOW FULL COLUMNS FROM `pd_recharge` [ RunTime:0.002236s ]
[2025-11-29T14:51:11+08:00][sql] SELECT SUM(`amount`) AS think_sum FROM `pd_recharge` WHERE  `create_time` BETWEEN '2025-11-29 00:00:00' AND '2025-11-29 23:59:59'  AND `status` = 1 LIMIT 1 [ RunTime:0.001155s ]
[2025-11-29T14:51:11+08:00][sql] SHOW FULL COLUMNS FROM `pd_withdraw` [ RunTime:0.002167s ]
[2025-11-29T14:51:11+08:00][sql] SELECT SUM(`amount`) AS think_sum FROM `pd_withdraw` WHERE  `create_time` BETWEEN '2025-11-29 00:00:00' AND '2025-11-29 23:59:59'  AND `status` = 1 LIMIT 1 [ RunTime:0.000896s ]
[2025-11-29T14:51:11+08:00][sql] SHOW FULL COLUMNS FROM `pd_project` [ RunTime:0.002075s ]
[2025-11-29T14:51:11+08:00][sql] SELECT COUNT(*) AS think_count FROM `pd_project` WHERE  `status` = 1 LIMIT 1 [ RunTime:0.000493s ]
[2025-11-29T14:51:11+08:00][sql] SELECT COUNT(*) AS think_count FROM `pd_user` WHERE  `create_time` BETWEEN '2025-11-29 00:00:00' AND '2025-11-29 23:59:59' LIMIT 1 [ RunTime:0.000565s ]
[2025-11-29T14:51:11+08:00][sql] SHOW FULL COLUMNS FROM `pd_investment` [ RunTime:0.002045s ]
[2025-11-29T14:51:11+08:00][sql] SELECT SUM(`amount`) AS think_sum FROM `pd_investment` WHERE  `status` = 1 LIMIT 1 [ RunTime:0.000594s ]
[2025-11-29T14:51:11+08:00][sql] SELECT COUNT(*) AS think_count FROM `pd_recharge` WHERE  `status` = 0 LIMIT 1 [ RunTime:0.000358s ]
[2025-11-29T14:51:11+08:00][sql] SELECT COUNT(*) AS think_count FROM `pd_withdraw` WHERE  `status` = 0 LIMIT 1 [ RunTime:0.000282s ]
[2025-11-29T14:51:12+08:00][sql] CONNECT:[ UseTime:0.000845s ] mysql:host=127.0.0.1;port=3306;dbname=providence;charset=utf8mb4
